nthreads,test,routine,MFLOPS
1,xcl1,nrm2,2837.01
1,xcl1,amax,1588.92
1,xcl1,asum,1769.75
1,xcl1,axpy,6835.68
1,xcl1,copy,1956.96
1,xcl1,swap,3131.31
1,xcl1,dotc,7605.05
1,xcl1,dotu,7519.21
1,xzl1,nrm2,2584.67
1,xzl1,amax,1501.06
1,xzl1,asum,1680.46
1,xzl1,axpy,3277.63
1,xzl1,copy,919.36
1,xzl1,swap,1530.23
1,xzl1,dotc,3412.50
1,xzl1,dotu,3433.62
1,xdl1,nrm2,562.16
1,xdl1,amax,2156.10
1,xdl1,asum,1626.11
1,xdl1,axpy,1737.62
1,xdl1,copy,918.10
1,xdl1,swap,1570.61
1,xdl1,dot,2078.15
1,xdl1,rotm,4080.25
1,xsl1,nrm2,664.25
1,xsl1,amax,4481.42
1,xsl1,asum,1697.32
1,xsl1,axpy,3839.72
1,xsl1,copy,2054.56
1,xsl1,swap,3492.82
1,xsl1,dot,4775.47
1,xsl1,rotm,6522.48
1,xsl1,dsdot,1757.16
1,xsl1,sdsdot,1762.20
1,xcl2,gbmv,2645.73
1,xcl2,gemv,10349.30
1,xcl2,hbmv,3372.87
1,xcl2,hpmv,4580.82
1,xcl2,hemv,15097.76
1,xcl2,tbmv,2316.96
1,xcl2,tpmv,5818.58
1,xcl2,trmv,9448.87
1,xcl2,tbsv,1078.63
1,xcl2,tpsv,12901.77
1,xcl2,trsv,10181.28
1,xcl2,gerc,7516.61
1,xcl2,geru,7513.43
1,xcl2,ger2c,7489.63
1,xcl2,ger2u,7485.05
1,xcl2,hpr,11457.77
1,xcl2,her,7340.92
1,xcl2,hpr2,20142.96
1,xcl2,her2,11439.07
1,xzl2,gbmv,3043.00
1,xzl2,gemv,5858.62
1,xzl2,hbmv,3386.90
1,xzl2,hpmv,4902.75
1,xzl2,hemv,9557.61
1,xzl2,tbmv,2535.87
1,xzl2,tpmv,4935.58
1,xzl2,trmv,5514.61
1,xzl2,tbsv,964.70
1,xzl2,tpsv,6262.10
1,xzl2,trsv,5816.60
1,xdl2,gbmv,971.97
1,xdl2,gemv,3487.55
1,xdl2,sbmv,1460.75
1,xdl2,spmv,3197.67
1,xdl2,symv,5052.05
1,xdl2,tbmv,611.43
1,xdl2,tpmv,3425.83
1,xdl2,trmv,3364.48
1,xdl2,tbsv,380.95
1,xdl2,tpsv,3719.42
1,xdl2,trsv,3540.10
1,xdl2,ger,2838.88
1,xdl2,ger2,2854.65
1,xdl2,spr,3095.71
1,xdl2,syr,2812.05
1,xdl2,spr2,5785.42
1,xdl2,syr2,5311.97
1,xsl2,gbmv,979.42
1,xsl2,gemv,7172.22
1,xsl2,sbmv,1542.48
1,xsl2,spmv,3543.96
1,xsl2,symv,6057.92
1,xsl2,tbmv,530.01
1,xsl2,tpmv,6914.93
1,xsl2,trmv,6693.23
1,xsl2,tbsv,427.50
1,xsl2,tpsv,7726.85
1,xsl2,trsv,7419.81
1,xsl2,ger,5539.96
1,xsl2,ger2,5589.60
1,xsl2,spr,6447.65
1,xsl2,syr,5306.58
1,xsl2,spr2,11927.01
1,xsl2,syr2,9933.71
1,xcl3,gemm,157418.83
1,xcl3,hemm,160160.70
1,xcl3,herk,124704.41
1,xcl3,her2k,130236.85
1,xcl3,symm,151559.32
1,xcl3,syr2k,131195.72
1,xcl3,syrk,126955.70
1,xcl3,trmm,142874.45
1,xcl3,trsm,78888.37
1,xzl3,gemm,82853.83
1,xzl3,hemm,83710.40
1,xzl3,herk,72154.90
1,xzl3,her2k,68413.28
1,xzl3,symm,84133.11
1,xzl3,syr2k,70023.28
1,xzl3,syrk,71784.82
1,xzl3,trmm,76324.13
1,xzl3,trsm,57469.15
1,xdl3,gemm,74152.37
1,xdl3,symm,76252.71
1,xdl3,syrk,60639.76
1,xdl3,syr2k,61702.12
1,xdl3,trmm,64826.43
1,xdl3,trsm,37121.37
1,xsl3,gemm,139950.20
1,xsl3,symm,136685.36
1,xsl3,syrk,108169.67
1,xsl3,syr2k,110773.07
1,xsl3,trmm,114869.82
1,xsl3,trsm,32337.48
2,xcl1,nrm2,2825.01
2,xcl1,amax,1580.47
2,xcl1,asum,1790.48
2,xcl1,axpy,6780.36
2,xcl1,copy,1951.42
2,xcl1,swap,3164.87
2,xcl1,dotc,7510.13
2,xcl1,dotu,7831.53
2,xzl1,nrm2,2638.70
2,xzl1,amax,1508.37
2,xzl1,asum,1683.91
2,xzl1,axpy,3264.96
2,xzl1,copy,916.57
2,xzl1,swap,1529.71
2,xzl1,dotc,3421.92
2,xzl1,dotu,3426.91
2,xdl1,nrm2,554.45
2,xdl1,amax,2191.97
2,xdl1,asum,1604.58
2,xdl1,axpy,1682.12
2,xdl1,copy,920.52
2,xdl1,swap,1577.71
2,xdl1,dot,2094.47
2,xdl1,rotm,4058.75
2,xsl1,nrm2,649.20
2,xsl1,amax,4550.37
2,xsl1,asum,1697.98
2,xsl1,axpy,3767.90
2,xsl1,copy,2028.45
2,xsl1,swap,3469.08
2,xsl1,dot,4773.35
2,xsl1,rotm,6537.43
2,xsl1,dsdot,1767.50
2,xsl1,sdsdot,1759.70
2,xcl2,gbmv,2632.17
2,xcl2,gemv,10434.21
2,xcl2,hbmv,3342.41
2,xcl2,hpmv,4604.23
2,xcl2,hemv,15096.17
2,xcl2,tbmv,2331.00
2,xcl2,tpmv,5814.62
2,xcl2,trmv,9742.11
2,xcl2,tbsv,1059.40
2,xcl2,tpsv,13135.00
2,xcl2,trsv,10241.97
2,xcl2,gerc,7468.03
2,xcl2,geru,7471.06
2,xcl2,ger2c,7509.73
2,xcl2,ger2u,7486.65
2,xcl2,hpr,11338.21
2,xcl2,her,7283.73
2,xcl2,hpr2,19865.11
2,xcl2,her2,11536.35
2,xzl2,gbmv,3132.22
2,xzl2,gemv,5761.77
2,xzl2,hbmv,3365.35
2,xzl2,hpmv,4935.68
2,xzl2,hemv,9582.71
2,xzl2,tbmv,2594.55
2,xzl2,tpmv,4888.76
2,xzl2,trmv,5532.00
2,xzl2,tbsv,985.67
2,xzl2,tpsv,6286.32
2,xzl2,trsv,5688.47
2,xdl2,gbmv,987.07
2,xdl2,gemv,3432.02
2,xdl2,sbmv,1473.22
2,xdl2,spmv,3314.47
2,xdl2,symv,4963.20
2,xdl2,tbmv,624.70
2,xdl2,tpmv,3410.63
2,xdl2,trmv,3274.61
2,xdl2,tbsv,384.10
2,xdl2,tpsv,3607.21
2,xdl2,trsv,3498.25
2,xdl2,ger,2786.30
2,xdl2,ger2,2821.71
2,xdl2,spr,3053.53
2,xdl2,syr,2762.67
2,xdl2,spr2,5647.21
2,xdl2,syr2,5230.43
2,xsl2,gbmv,975.01
2,xsl2,gemv,6997.92
2,xsl2,sbmv,1545.01
2,xsl2,spmv,3524.47
2,xsl2,symv,6103.00
2,xsl2,tbmv,535.16
2,xsl2,tpmv,7064.21
2,xsl2,trmv,6546.36
2,xsl2,tbsv,434.63
2,xsl2,tpsv,7760.15
2,xsl2,trsv,7214.98
2,xsl2,ger,5432.62
2,xsl2,ger2,5450.95
2,xsl2,spr,6417.75
2,xsl2,syr,5171.08
2,xsl2,spr2,12124.11
2,xsl2,syr2,9792.85
2,xcl3,gemm,270980.98
2,xcl3,hemm,270442.31
2,xcl3,herk,209346.48
2,xcl3,her2k,218645.90
2,xcl3,symm,268283.01
2,xcl3,syr2k,220864.00
2,xcl3,syrk,212279.58
2,xcl3,trmm,232235.77
2,xcl3,trsm,134633.72
2,xzl3,gemm,150983.36
2,xzl3,hemm,150713.51
2,xzl3,herk,123218.25
2,xzl3,her2k,122393.52
2,xzl3,symm,148795.66
2,xzl3,syr2k,124593.95
2,xzl3,syrk,124720.56
2,xzl3,trmm,130960.12
2,xzl3,trsm,104995.16
2,xdl3,gemm,128101.40
2,xdl3,symm,125417.57
2,xdl3,syrk,101607.63
2,xdl3,syr2k,104339.77
2,xdl3,trmm,112126.77
2,xdl3,trsm,65472.90
2,xsl3,gemm,227265.12
2,xsl3,symm,215899.31
2,xsl3,syrk,162593.28
2,xsl3,syr2k,179536.76
2,xsl3,trmm,183024.10
2,xsl3,trsm,59019.63
3,xcl1,nrm2,2864.41
3,xcl1,amax,1578.35
3,xcl1,asum,1804.60
3,xcl1,axpy,6817.42
3,xcl1,copy,1969.91
3,xcl1,swap,3150.67
3,xcl1,dotc,7627.03
3,xcl1,dotu,7650.98
3,xzl1,nrm2,2629.43
3,xzl1,amax,1514.95
3,xzl1,asum,1689.81
3,xzl1,axpy,3294.31
3,xzl1,copy,914.83
3,xzl1,swap,1532.86
3,xzl1,dotc,3419.62
3,xzl1,dotu,3430.87
3,xdl1,nrm2,559.86
3,xdl1,amax,2141.82
3,xdl1,asum,1626.08
3,xdl1,axpy,1695.37
3,xdl1,copy,914.21
3,xdl1,swap,1566.41
3,xdl1,dot,2112.86
3,xdl1,rotm,4069.20
3,xsl1,nrm2,664.01
3,xsl1,amax,4756.86
3,xsl1,asum,1706.70
3,xsl1,axpy,3782.20
3,xsl1,copy,2050.97
3,xsl1,swap,3480.72
3,xsl1,dot,4836.90
3,xsl1,rotm,6506.08
3,xsl1,dsdot,1751.21
3,xsl1,sdsdot,1765.72
3,xcl2,gbmv,2699.61
3,xcl2,gemv,10520.76
3,xcl2,hbmv,3455.95
3,xcl2,hpmv,4604.21
3,xcl2,hemv,15175.48
3,xcl2,tbmv,2357.70
3,xcl2,tpmv,5880.46
3,xcl2,trmv,9624.28
3,xcl2,tbsv,1118.66
3,xcl2,tpsv,12910.86
3,xcl2,trsv,10230.53
3,xcl2,gerc,7479.97
3,xcl2,geru,7493.13
3,xcl2,ger2c,7455.82
3,xcl2,ger2u,7471.07
3,xcl2,hpr,11311.06
3,xcl2,her,7310.07
3,xcl2,hpr2,19803.28
3,xcl2,her2,11476.15
3,xzl2,gbmv,3134.58
3,xzl2,gemv,5748.01
3,xzl2,hbmv,3030.23
3,xzl2,hpmv,4927.58
3,xzl2,hemv,9577.38
3,xzl2,tbmv,2612.21
3,xzl2,tpmv,4937.78
3,xzl2,trmv,5463.03
3,xzl2,tbsv,960.50
3,xzl2,tpsv,6245.95
3,xzl2,trsv,5740.15
3,xdl2,gbmv,982.23
3,xdl2,gemv,3422.38
3,xdl2,sbmv,1462.01
3,xdl2,spmv,3309.21
3,xdl2,symv,4980.33
3,xdl2,tbmv,624.82
3,xdl2,tpmv,3429.21
3,xdl2,trmv,3262.36
3,xdl2,tbsv,381.75
3,xdl2,tpsv,3541.62
3,xdl2,trsv,3469.27
3,xdl2,ger,2791.21
3,xdl2,ger2,2806.51
3,xdl2,spr,3057.91
3,xdl2,syr,2749.65
3,xdl2,spr2,5619.96
3,xdl2,syr2,5169.55
3,xsl2,gbmv,978.21
3,xsl2,gemv,7030.71
3,xsl2,sbmv,1525.57
3,xsl2,spmv,3560.31
3,xsl2,symv,6131.82
3,xsl2,tbmv,515.70
3,xsl2,tpmv,7273.75
3,xsl2,trmv,6538.22
3,xsl2,tbsv,436.72
3,xsl2,tpsv,7825.38
3,xsl2,trsv,7282.32
3,xsl2,ger,5397.08
3,xsl2,ger2,5423.47
3,xsl2,spr,6464.82
3,xsl2,syr,5222.01
3,xsl2,spr2,11697.68
3,xsl2,syr2,9711.75
3,xcl3,gemm,377652.76
3,xcl3,hemm,370581.05
3,xcl3,herk,272325.10
3,xcl3,her2k,293141.51
3,xcl3,symm,376486.78
3,xcl3,syr2k,289426.78
3,xcl3,syrk,275228.90
3,xcl3,trmm,315380.06
3,xcl3,trsm,194085.08
3,xzl3,gemm,215465.45
3,xzl3,hemm,211963.13
3,xzl3,herk,172954.72
3,xzl3,her2k,169942.92
3,xzl3,symm,217388.28
3,xzl3,syr2k,170296.31
3,xzl3,syrk,171692.63
3,xzl3,trmm,187380.73
3,xzl3,trsm,146029.81
3,xdl3,gemm,174470.97
3,xdl3,symm,173033.47
3,xdl3,syrk,126113.43
3,xdl3,syr2k,136053.57
3,xdl3,trmm,143521.97
3,xdl3,trsm,91746.97
3,xsl3,gemm,296306.96
3,xsl3,symm,276002.11
3,xsl3,syrk,213865.95
3,xsl3,syr2k,243007.98
3,xsl3,trmm,223598.47
3,xsl3,trsm,81580.42
4,xcl1,nrm2,2862.96
4,xcl1,amax,1580.18
4,xcl1,asum,1800.72
4,xcl1,axpy,6817.77
4,xcl1,copy,1935.58
4,xcl1,swap,3144.33
4,xcl1,dotc,7522.80
4,xcl1,dotu,7170.21
4,xzl1,nrm2,2575.06
4,xzl1,amax,1471.26
4,xzl1,asum,1651.62
4,xzl1,axpy,3273.51
4,xzl1,copy,913.15
4,xzl1,swap,1527.78
4,xzl1,dotc,3423.41
4,xzl1,dotu,3416.77
4,xdl1,nrm2,557.76
4,xdl1,amax,2208.06
4,xdl1,asum,1616.87
4,xdl1,axpy,1736.58
4,xdl1,copy,940.21
4,xdl1,swap,1587.52
4,xdl1,dot,2168.17
4,xdl1,rotm,4124.68
4,xsl1,nrm2,652.81
4,xsl1,amax,4663.78
4,xsl1,asum,1707.01
4,xsl1,axpy,3970.11
4,xsl1,copy,2113.18
4,xsl1,swap,3579.36
4,xsl1,dot,4955.57
4,xsl1,rotm,6536.61
4,xsl1,dsdot,1773.93
4,xsl1,sdsdot,1771.06
4,xcl2,gbmv,2681.73
4,xcl2,gemv,10393.67
4,xcl2,hbmv,3325.50
4,xcl2,hpmv,4598.37
4,xcl2,hemv,15106.98
4,xcl2,tbmv,2385.33
4,xcl2,tpmv,5944.63
4,xcl2,trmv,9627.67
4,xcl2,tbsv,1072.63
4,xcl2,tpsv,13170.30
4,xcl2,trsv,10167.76
4,xcl2,gerc,7541.51
4,xcl2,geru,7603.25
4,xcl2,ger2c,7514.47
4,xcl2,ger2u,7542.06
4,xcl2,hpr,11373.15
4,xcl2,her,7331.90
4,xcl2,hpr2,20172.21
4,xcl2,her2,11410.46
4,xzl2,gbmv,2994.00
4,xzl2,gemv,5860.37
4,xzl2,hbmv,3398.40
4,xzl2,hpmv,4915.42
4,xzl2,hemv,9606.60
4,xzl2,tbmv,2576.25
4,xzl2,tpmv,4914.17
4,xzl2,trmv,5562.41
4,xzl2,tbsv,972.05
4,xzl2,tpsv,6274.27
4,xzl2,trsv,5796.77
4,xdl2,gbmv,939.05
4,xdl2,gemv,3484.60
4,xdl2,sbmv,1456.95
4,xdl2,spmv,3219.63
4,xdl2,symv,5026.61
4,xdl2,tbmv,612.17
4,xdl2,tpmv,3403.87
4,xdl2,trmv,3338.38
4,xdl2,tbsv,381.27
4,xdl2,tpsv,3673.81
4,xdl2,trsv,3528.13
4,xdl2,ger,2852.15
4,xdl2,ger2,2852.66
4,xdl2,spr,3103.77
4,xdl2,syr,2779.37
4,xdl2,spr2,5721.05
4,xdl2,syr2,5253.25
4,xsl2,gbmv,966.33
4,xsl2,gemv,7147.00
4,xsl2,sbmv,1544.06
4,xsl2,spmv,3541.61
4,xsl2,symv,6057.03
4,xsl2,tbmv,528.47
4,xsl2,tpmv,7350.83
4,xsl2,trmv,6660.08
4,xsl2,tbsv,422.48
4,xsl2,tpsv,8018.07
4,xsl2,trsv,7402.12
4,xsl2,ger,5473.62
4,xsl2,ger2,5531.97
4,xsl2,spr,6589.06
4,xsl2,syr,5306.33
4,xsl2,spr2,12082.52
4,xsl2,syr2,9900.43
4,xcl3,gemm,474052.07
4,xcl3,hemm,467000.80
4,xcl3,herk,344366.12
4,xcl3,her2k,363587.66
4,xcl3,symm,482552.37
4,xcl3,syr2k,374286.02
4,xcl3,syrk,346125.63
4,xcl3,trmm,384853.11
4,xcl3,trsm,242710.76
4,xzl3,gemm,271014.63
4,xzl3,hemm,275948.03
4,xzl3,herk,205595.13
4,xzl3,her2k,212286.80
4,xzl3,symm,273707.75
4,xzl3,syr2k,208242.73
4,xzl3,syrk,201322.18
4,xzl3,trmm,232363.86
4,xzl3,trsm,190042.57
4,xdl3,gemm,221386.87
4,xdl3,symm,211118.15
4,xdl3,syrk,155408.47
4,xdl3,syr2k,164235.46
4,xdl3,trmm,168475.96
4,xdl3,trsm,113030.05
4,xsl3,gemm,369916.43
4,xsl3,symm,366259.08
4,xsl3,syrk,250071.36
4,xsl3,syr2k,287755.03
4,xsl3,trmm,293512.43
4,xsl3,trsm,100732.28
5,xcl1,nrm2,2831.40
5,xcl1,amax,1585.06
5,xcl1,asum,1792.11
5,xcl1,axpy,6755.91
5,xcl1,copy,1934.07
5,xcl1,swap,3134.55
5,xcl1,dotc,7559.18
5,xcl1,dotu,7595.45
5,xzl1,nrm2,2626.46
5,xzl1,amax,1519.55
5,xzl1,asum,1680.41
5,xzl1,axpy,3339.56
5,xzl1,copy,933.05
5,xzl1,swap,1554.41
5,xzl1,dotc,3493.52
5,xzl1,dotu,3477.68
5,xdl1,nrm2,548.90
5,xdl1,amax,2132.22
5,xdl1,asum,1603.15
5,xdl1,axpy,1734.95
5,xdl1,copy,933.38
5,xdl1,swap,1589.93
5,xdl1,dot,2151.26
5,xdl1,rotm,4105.22
5,xsl1,nrm2,649.50
5,xsl1,amax,4640.86
5,xsl1,asum,1696.77
5,xsl1,axpy,3887.68
5,xsl1,copy,2104.48
5,xsl1,swap,3554.31
5,xsl1,dot,4938.03
5,xsl1,rotm,6505.27
5,xsl1,dsdot,1740.03
5,xsl1,sdsdot,1736.07
5,xcl2,gbmv,2650.38
5,xcl2,gemv,10460.56
5,xcl2,hbmv,3334.53
5,xcl2,hpmv,4601.07
5,xcl2,hemv,15099.45
5,xcl2,tbmv,2327.20
5,xcl2,tpmv,5820.51
5,xcl2,trmv,9567.97
5,xcl2,tbsv,1089.75
5,xcl2,tpsv,13046.55
5,xcl2,trsv,10108.47
5,xcl2,gerc,7486.85
5,xcl2,geru,7475.82
5,xcl2,ger2c,7488.23
5,xcl2,ger2u,7512.22
5,xcl2,hpr,11406.70
5,xcl2,her,7343.66
5,xcl2,hpr2,20084.35
5,xcl2,her2,11455.40
5,xzl2,gbmv,3048.55
5,xzl2,gemv,5872.77
5,xzl2,hbmv,3361.56
5,xzl2,hpmv,4927.13
5,xzl2,hemv,9572.08
5,xzl2,tbmv,2552.73
5,xzl2,tpmv,4938.28
5,xzl2,trmv,5528.05
5,xzl2,tbsv,976.87
5,xzl2,tpsv,6291.75
5,xzl2,trsv,5766.80
5,xdl2,gbmv,963.98
5,xdl2,gemv,3477.88
5,xdl2,sbmv,1450.87
5,xdl2,spmv,3207.67
5,xdl2,symv,4981.82
5,xdl2,tbmv,619.11
5,xdl2,tpmv,3443.32
5,xdl2,trmv,3334.27
5,xdl2,tbsv,373.13
5,xdl2,tpsv,3699.41
5,xdl2,trsv,3546.30
5,xdl2,ger,2831.26
5,xdl2,ger2,2848.28
5,xdl2,spr,3082.12
5,xdl2,syr,2799.18
5,xdl2,spr2,5780.72
5,xdl2,syr2,5280.45
5,xsl2,gbmv,992.57
5,xsl2,gemv,7111.93
5,xsl2,sbmv,1505.70
5,xsl2,spmv,3593.02
5,xsl2,symv,6064.20
5,xsl2,tbmv,527.88
5,xsl2,tpmv,7308.86
5,xsl2,trmv,6630.06
5,xsl2,tbsv,428.27
5,xsl2,tpsv,7866.48
5,xsl2,trsv,7374.91
5,xsl2,ger,5482.13
5,xsl2,ger2,5545.90
5,xsl2,spr,6415.51
5,xsl2,syr,5309.26
5,xsl2,spr2,11812.21
5,xsl2,syr2,9910.20
5,xcl3,gemm,552828.03
5,xcl3,hemm,552819.37
5,xcl3,herk,365275.65
5,xcl3,her2k,387245.58
5,xcl3,symm,525073.97
5,xcl3,syr2k,380262.23
5,xcl3,syrk,362599.15
5,xcl3,trmm,426863.08
5,xcl3,trsm,266312.63
5,xzl3,gemm,323594.51
5,xzl3,hemm,312897.76
5,xzl3,herk,236458.50
5,xzl3,her2k,243924.60
5,xzl3,symm,320265.05
5,xzl3,syr2k,233801.51
5,xzl3,syrk,244404.57
5,xzl3,trmm,267255.13
5,xzl3,trsm,209796.06
5,xdl3,gemm,242951.80
5,xdl3,symm,243850.25
5,xdl3,syrk,165737.76
5,xdl3,syr2k,182039.60
5,xdl3,trmm,198721.07
5,xdl3,trsm,125915.87
5,xsl3,gemm,412679.56
5,xsl3,symm,387655.13
5,xsl3,syrk,234458.83
5,xsl3,syr2k,283509.57
5,xsl3,trmm,304705.81
5,xsl3,trsm,120060.00
6,xcl1,nrm2,2833.23
6,xcl1,amax,1580.55
6,xcl1,asum,1778.47
6,xcl1,axpy,6816.03
6,xcl1,copy,1959.01
6,xcl1,swap,3123.30
6,xcl1,dotc,7523.20
6,xcl1,dotu,7628.47
6,xzl1,nrm2,2613.11
6,xzl1,amax,1494.66
6,xzl1,asum,1685.56
6,xzl1,axpy,3283.78
6,xzl1,copy,913.87
6,xzl1,swap,1529.62
6,xzl1,dotc,3410.65
6,xzl1,dotu,3418.63
6,xdl1,nrm2,551.60
6,xdl1,amax,2164.22
6,xdl1,asum,1602.06
6,xdl1,axpy,1698.57
6,xdl1,copy,921.66
6,xdl1,swap,1559.80
6,xdl1,dot,2094.10
6,xdl1,rotm,4069.28
6,xsl1,nrm2,657.08
6,xsl1,amax,4610.48
6,xsl1,asum,1730.11
6,xsl1,axpy,3804.93
6,xsl1,copy,2040.40
6,xsl1,swap,3503.78
6,xsl1,dot,4708.20
6,xsl1,rotm,6546.11
6,xsl1,dsdot,1768.25
6,xsl1,sdsdot,1754.05
6,xcl2,gbmv,1920.80
6,xcl2,gemv,10482.03
6,xcl2,hbmv,3352.53
6,xcl2,hpmv,4582.50
6,xcl2,hemv,15148.22
6,xcl2,tbmv,2321.72
6,xcl2,tpmv,5858.56
6,xcl2,trmv,9725.90
6,xcl2,tbsv,1081.35
6,xcl2,tpsv,12888.01
6,xcl2,trsv,10235.93
6,xcl2,gerc,7454.41
6,xcl2,geru,7476.20
6,xcl2,ger2c,7426.20
6,xcl2,ger2u,7454.06
6,xcl2,hpr,11172.18
6,xcl2,her,7291.10
6,xcl2,hpr2,20012.77
6,xcl2,her2,11479.62
6,xzl2,gbmv,3044.81
6,xzl2,gemv,5763.83
6,xzl2,hbmv,3406.66
6,xzl2,hpmv,4936.78
6,xzl2,hemv,9517.00
6,xzl2,tbmv,2542.77
6,xzl2,tpmv,4924.27
6,xzl2,trmv,5469.08
6,xzl2,tbsv,983.10
6,xzl2,tpsv,6261.45
6,xzl2,trsv,5736.52
6,xdl2,gbmv,969.46
6,xdl2,gemv,3423.77
6,xdl2,sbmv,1449.32
6,xdl2,spmv,3193.42
6,xdl2,symv,4969.37
6,xdl2,tbmv,608.96
6,xdl2,tpmv,3393.22
6,xdl2,trmv,3274.60
6,xdl2,tbsv,381.80
6,xdl2,tpsv,3608.77
6,xdl2,trsv,3449.61
6,xdl2,ger,2794.71
6,xdl2,ger2,2818.06
6,xdl2,spr,3054.27
6,xdl2,syr,2755.27
6,xdl2,spr2,5676.51
6,xdl2,syr2,5183.65
6,xsl2,gbmv,975.47
6,xsl2,gemv,6969.75
6,xsl2,sbmv,1531.88
6,xsl2,spmv,3527.35
6,xsl2,symv,6100.53
6,xsl2,tbmv,517.75
6,xsl2,tpmv,7100.90
6,xsl2,trmv,6516.26
6,xsl2,tbsv,428.10
6,xsl2,tpsv,7601.06
6,xsl2,trsv,7198.07
6,xsl2,ger,5404.12
6,xsl2,ger2,5419.01
6,xsl2,spr,6436.77
6,xsl2,syr,5200.08
6,xsl2,spr2,11793.55
6,xsl2,syr2,9704.95
6,xcl3,gemm,638266.01
6,xcl3,hemm,639587.08
6,xcl3,herk,452961.38
6,xcl3,her2k,478164.50
6,xcl3,symm,647263.60
6,xcl3,syr2k,486123.62
6,xcl3,syrk,457175.10
6,xcl3,trmm,509497.40
6,xcl3,trsm,324029.17
6,xzl3,gemm,368171.18
6,xzl3,hemm,371092.48
6,xzl3,herk,268820.35
6,xzl3,her2k,278378.92
6,xzl3,symm,380544.95
6,xzl3,syr2k,275899.56
6,xzl3,syrk,270923.20
6,xzl3,trmm,311481.95
6,xzl3,trsm,250247.81
6,xdl3,gemm,293743.52
6,xdl3,symm,291406.08
6,xdl3,syrk,199983.66
6,xdl3,syr2k,217720.15
6,xdl3,trmm,232554.12
6,xdl3,trsm,150694.80
6,xsl3,gemm,477507.21
6,xsl3,symm,478202.57
6,xsl3,syrk,312096.72
6,xsl3,syr2k,366733.06
6,xsl3,trmm,357156.40
6,xsl3,trsm,132579.25
7,xcl1,nrm2,2833.27
7,xcl1,amax,1572.88
7,xcl1,asum,1776.47
7,xcl1,axpy,6787.45
7,xcl1,copy,1952.81
7,xcl1,swap,3142.86
7,xcl1,dotc,7517.50
7,xcl1,dotu,7648.40
7,xzl1,nrm2,2609.78
7,xzl1,amax,1496.43
7,xzl1,asum,1682.96
7,xzl1,axpy,3285.13
7,xzl1,copy,915.57
7,xzl1,swap,1532.23
7,xzl1,dotc,3415.98
7,xzl1,dotu,3432.63
7,xdl1,nrm2,560.58
7,xdl1,amax,2120.47
7,xdl1,asum,1616.00
7,xdl1,axpy,1689.90
7,xdl1,copy,917.01
7,xdl1,swap,1570.70
7,xdl1,dot,2064.62
7,xdl1,rotm,4030.93
7,xsl1,nrm2,650.96
7,xsl1,amax,4516.90
7,xsl1,asum,1716.80
7,xsl1,axpy,3831.81
7,xsl1,copy,2030.65
7,xsl1,swap,3507.06
7,xsl1,dot,4844.50
7,xsl1,rotm,6472.16
7,xsl1,dsdot,1774.98
7,xsl1,sdsdot,1738.42
7,xcl2,gbmv,2601.36
7,xcl2,gemv,10386.55
7,xcl2,hbmv,3324.66
7,xcl2,hpmv,4613.73
7,xcl2,hemv,15121.90
7,xcl2,tbmv,2357.27
7,xcl2,tpmv,5835.47
7,xcl2,trmv,9721.61
7,xcl2,tbsv,1083.11
7,xcl2,tpsv,13033.96
7,xcl2,trsv,10231.33
7,xcl2,gerc,7476.28
7,xcl2,geru,7473.01
7,xcl2,ger2c,7524.12
7,xcl2,ger2u,7487.86
7,xcl2,hpr,11255.98
7,xcl2,her,7303.15
7,xcl2,hpr2,19807.47
7,xcl2,her2,11371.37
7,xzl2,gbmv,3016.61
7,xzl2,gemv,5747.88
7,xzl2,hbmv,3310.03
7,xzl2,hpmv,4909.52
7,xzl2,hemv,9578.32
7,xzl2,tbmv,2544.22
7,xzl2,tpmv,4890.12
7,xzl2,trmv,5473.26
7,xzl2,tbsv,971.51
7,xzl2,tpsv,6300.52
7,xzl2,trsv,5690.16
7,xdl2,gbmv,961.36
7,xdl2,gemv,3415.58
7,xdl2,sbmv,1457.18
7,xdl2,spmv,3236.52
7,xdl2,symv,4984.81
7,xdl2,tbmv,617.55
7,xdl2,tpmv,3393.36
7,xdl2,trmv,3275.26
7,xdl2,tbsv,380.31
7,xdl2,tpsv,3640.71
7,xdl2,trsv,3497.76
7,xdl2,ger,2785.80
7,xdl2,ger2,2817.18
7,xdl2,spr,3063.28
7,xdl2,syr,2749.65
7,xdl2,spr2,5675.48
7,xdl2,syr2,5187.03
7,xsl2,gbmv,950.05
7,xsl2,gemv,7002.91
7,xsl2,sbmv,1529.32
7,xsl2,spmv,3502.45
7,xsl2,symv,6054.08
7,xsl2,tbmv,524.11
7,xsl2,tpmv,6874.51
7,xsl2,trmv,6528.35
7,xsl2,tbsv,405.17
7,xsl2,tpsv,7902.35
7,xsl2,trsv,7217.82
7,xsl2,ger,5390.53
7,xsl2,ger2,5450.37
7,xsl2,spr,6413.93
7,xsl2,syr,5206.52
7,xsl2,spr2,11885.03
7,xsl2,syr2,9732.61
7,xcl3,gemm,704743.05
7,xcl3,hemm,700444.66
7,xcl3,herk,440140.75
7,xcl3,her2k,489409.61
7,xcl3,symm,686272.20
7,xcl3,syr2k,491707.77
7,xcl3,syrk,455884.45
7,xcl3,trmm,508056.38
7,xcl3,trsm,348071.30
7,xzl3,gemm,411283.87
7,xzl3,hemm,392572.28
7,xzl3,herk,303817.25
7,xzl3,her2k,295765.50
7,xzl3,symm,413842.56
7,xzl3,syr2k,297946.62
7,xzl3,syrk,285719.42
7,xzl3,trmm,334600.12
7,xzl3,trsm,257295.90
7,xdl3,gemm,295837.95
7,xdl3,symm,298586.75
7,xdl3,syrk,202537.92
7,xdl3,syr2k,213841.65
7,xdl3,trmm,223396.13
7,xdl3,trsm,152780.90
7,xsl3,gemm,461217.07
7,xsl3,symm,447133.40
7,xsl3,syrk,274827.01
7,xsl3,syr2k,321717.05
7,xsl3,trmm,316757.75
7,xsl3,trsm,153904.40
8,xcl1,nrm2,2832.73
8,xcl1,amax,1608.60
8,xcl1,asum,1781.97
8,xcl1,axpy,6778.06
8,xcl1,copy,1954.28
8,xcl1,swap,3147.42
8,xcl1,dotc,7559.62
8,xcl1,dotu,7653.13
8,xzl1,nrm2,2605.97
8,xzl1,amax,1506.63
8,xzl1,asum,1683.88
8,xzl1,axpy,3283.66
8,xzl1,copy,920.12
8,xzl1,swap,1530.02
8,xzl1,dotc,3388.45
8,xzl1,dotu,3420.52
8,xdl1,nrm2,558.20
8,xdl1,amax,2167.32
8,xdl1,asum,1618.08
8,xdl1,axpy,1686.56
8,xdl1,copy,912.93
8,xdl1,swap,1572.33
8,xdl1,dot,2091.45
8,xdl1,rotm,4054.18
8,xsl1,nrm2,652.22
8,xsl1,amax,4565.65
8,xsl1,asum,1708.12
8,xsl1,axpy,3793.13
8,xsl1,copy,2013.12
8,xsl1,swap,3449.58
8,xsl1,dot,4841.76
8,xsl1,rotm,6532.85
8,xsl1,dsdot,1765.22
8,xsl1,sdsdot,1762.85
8,xcl2,gbmv,2622.16
8,xcl2,gemv,10371.05
8,xcl2,hbmv,3225.47
8,xcl2,hpmv,4584.20
8,xcl2,hemv,15283.52
8,xcl2,tbmv,2350.72
8,xcl2,tpmv,5853.20
8,xcl2,trmv,9379.32
8,xcl2,tbsv,1073.23
8,xcl2,tpsv,12848.71
8,xcl2,trsv,10073.20
8,xcl2,gerc,7494.66
8,xcl2,geru,7500.25
8,xcl2,ger2c,7483.50
8,xcl2,ger2u,7466.47
8,xcl2,hpr,11284.15
8,xcl2,her,7287.56
8,xcl2,hpr2,20038.77
8,xcl2,her2,11312.87
8,xzl2,gbmv,3070.28
8,xzl2,gemv,5749.13
8,xzl2,hbmv,3386.16
8,xzl2,hpmv,4907.98
8,xzl2,hemv,9534.88
8,xzl2,tbmv,2567.71
8,xzl2,tpmv,4909.32
8,xzl2,trmv,5442.67
8,xzl2,tbsv,976.88
8,xzl2,tpsv,6256.87
8,xzl2,trsv,5687.62
8,xdl2,gbmv,969.10
8,xdl2,gemv,3406.62
8,xdl2,sbmv,1469.15
8,xdl2,spmv,3219.73
8,xdl2,symv,4999.27
8,xdl2,tbmv,570.05
8,xdl2,tpmv,3378.27
8,xdl2,trmv,3270.76
8,xdl2,tbsv,383.13
8,xdl2,tpsv,3610.56
8,xdl2,trsv,3470.45
8,xdl2,ger,2789.51
8,xdl2,ger2,2807.07
8,xdl2,spr,3052.81
8,xdl2,syr,2745.38
8,xdl2,spr2,5680.43
8,xdl2,syr2,5159.53
8,xsl2,gbmv,886.01
8,xsl2,gemv,6986.21
8,xsl2,sbmv,1473.51
8,xsl2,spmv,3530.97
8,xsl2,symv,6095.06
8,xsl2,tbmv,525.90
8,xsl2,tpmv,7027.82
8,xsl2,trmv,6470.53
8,xsl2,tbsv,428.62
8,xsl2,tpsv,7725.01
8,xsl2,trsv,7152.05
8,xsl2,ger,5406.55
8,xsl2,ger2,5453.01
8,xsl2,spr,6381.72
8,xsl2,syr,5213.87
8,xsl2,spr2,11826.20
8,xsl2,syr2,9730.45
8,xcl3,gemm,747630.53
8,xcl3,hemm,726869.77
8,xcl3,herk,491266.12
8,xcl3,her2k,554974.90
8,xcl3,symm,741074.17
8,xcl3,syr2k,524249.83
8,xcl3,syrk,472326.27
8,xcl3,trmm,569317.98
8,xcl3,trsm,363702.97
8,xzl3,gemm,444346.67
8,xzl3,hemm,441600.22
8,xzl3,herk,308246.02
8,xzl3,her2k,318590.78
8,xzl3,symm,431370.03
8,xzl3,syr2k,318019.18
8,xzl3,syrk,313764.95
8,xzl3,trmm,345761.27
8,xzl3,trsm,285023.58
8,xdl3,gemm,328861.53
8,xdl3,symm,319744.31
8,xdl3,syrk,212642.43
8,xdl3,syr2k,248245.42
8,xdl3,trmm,215971.80
8,xdl3,trsm,159936.45
8,xsl3,gemm,510649.85
8,xsl3,symm,507529.87
8,xsl3,syrk,317918.80
8,xsl3,syr2k,368119.11
8,xsl3,trmm,366822.27
8,xsl3,trsm,159821.92
9,xcl1,nrm2,2826.05
9,xcl1,amax,1602.21
9,xcl1,asum,1784.81
9,xcl1,axpy,6953.33
9,xcl1,copy,1995.11
9,xcl1,swap,3187.38
9,xcl1,dotc,7671.33
9,xcl1,dotu,7800.78
9,xzl1,nrm2,2638.92
9,xzl1,amax,1490.75
9,xzl1,asum,1687.72
9,xzl1,axpy,3337.66
9,xzl1,copy,928.43
9,xzl1,swap,1547.00
9,xzl1,dotc,3480.85
9,xzl1,dotu,3510.96
9,xdl1,nrm2,547.82
9,xdl1,amax,2195.08
9,xdl1,asum,1614.58
9,xdl1,axpy,1728.85
9,xdl1,copy,926.32
9,xdl1,swap,1589.36
9,xdl1,dot,2125.41
9,xdl1,rotm,4099.51
9,xsl1,nrm2,648.93
9,xsl1,amax,4558.75
9,xsl1,asum,1697.22
9,xsl1,axpy,3872.27
9,xsl1,copy,2077.30
9,xsl1,swap,3556.91
9,xsl1,dot,4974.05
9,xsl1,rotm,6576.11
9,xsl1,dsdot,1742.31
9,xsl1,sdsdot,1765.46
9,xcl2,gbmv,2614.78
9,xcl2,gemv,10500.00
9,xcl2,hbmv,3348.43
9,xcl2,hpmv,4598.97
9,xcl2,hemv,15237.27
9,xcl2,tbmv,2353.58
9,xcl2,tpmv,5838.83
9,xcl2,trmv,9460.76
9,xcl2,tbsv,1107.17
9,xcl2,tpsv,13066.91
9,xcl2,trsv,10118.36
9,xcl2,gerc,7494.01
9,xcl2,geru,7513.33
9,xcl2,ger2c,7510.81
9,xcl2,ger2u,7465.46
9,xcl2,hpr,11427.12
9,xcl2,her,7295.01
9,xcl2,hpr2,20194.08
9,xcl2,her2,11466.92
9,xzl2,gbmv,3111.21
9,xzl2,gemv,5831.92
9,xzl2,hbmv,3191.33
9,xzl2,hpmv,4900.71
9,xzl2,hemv,9580.41
9,xzl2,tbmv,2612.20
9,xzl2,tpmv,4901.25
9,xzl2,trmv,5569.48
9,xzl2,tbsv,982.81
9,xzl2,tpsv,6313.57
9,xzl2,trsv,5868.11
9,xdl2,gbmv,1005.68
9,xdl2,gemv,3505.08
9,xdl2,sbmv,1377.78
9,xdl2,spmv,3285.96
9,xdl2,symv,5037.78
9,xdl2,tbmv,620.40
9,xdl2,tpmv,3375.58
9,xdl2,trmv,3388.37
9,xdl2,tbsv,381.16
9,xdl2,tpsv,3700.26
9,xdl2,trsv,3584.01
9,xdl2,ger,2864.38
9,xdl2,ger2,2870.55
9,xdl2,spr,3090.53
9,xdl2,syr,2831.90
9,xdl2,spr2,5802.47
9,xdl2,syr2,5311.05
9,xsl2,gbmv,979.33
9,xsl2,gemv,7185.63
9,xsl2,sbmv,1506.01
9,xsl2,spmv,3559.86
9,xsl2,symv,6078.50
9,xsl2,tbmv,501.36
9,xsl2,tpmv,7398.07
9,xsl2,trmv,6663.80
9,xsl2,tbsv,426.68
9,xsl2,tpsv,7929.11
9,xsl2,trsv,7441.53
9,xsl2,ger,5554.70
9,xsl2,ger2,5421.18
9,xsl2,spr,6263.90
9,xsl2,syr,5239.05
9,xsl2,spr2,11512.52
9,xsl2,syr2,9820.40
9,xcl3,gemm,777562.55
9,xcl3,hemm,784842.37
9,xcl3,herk,526487.96
9,xcl3,her2k,558958.41
9,xcl3,symm,782582.80
9,xcl3,syr2k,557062.00
9,xcl3,syrk,434267.07
9,xcl3,trmm,609220.32
9,xcl3,trsm,335296.66
9,xzl3,gemm,359809.00
9,xzl3,hemm,464199.85
9,xzl3,herk,324106.87
9,xzl3,her2k,328965.61
9,xzl3,symm,458443.50
9,xzl3,syr2k,332842.38
9,xzl3,syrk,328680.26
9,xzl3,trmm,369689.11
9,xzl3,trsm,295727.83
9,xdl3,gemm,348871.70
9,xdl3,symm,335965.30
9,xdl3,syrk,229052.53
9,xdl3,syr2k,251545.06
9,xdl3,trmm,260227.28
9,xdl3,trsm,172250.48
9,xsl3,gemm,544430.98
9,xsl3,symm,525641.73
9,xsl3,syrk,368273.71
9,xsl3,syr2k,411709.81
9,xsl3,trmm,388541.95
9,xsl3,trsm,164878.23
10,xcl1,nrm2,2830.86
10,xcl1,amax,1578.81
10,xcl1,asum,1781.17
10,xcl1,axpy,6773.25
10,xcl1,copy,1948.67
10,xcl1,swap,3145.30
10,xcl1,dotc,7578.28
10,xcl1,dotu,7620.47
10,xzl1,nrm2,2618.51
10,xzl1,amax,1519.50
10,xzl1,asum,1693.62
10,xzl1,axpy,3292.95
10,xzl1,copy,915.91
10,xzl1,swap,1529.07
10,xzl1,dotc,3415.21
10,xzl1,dotu,3436.78
10,xdl1,nrm2,557.65
10,xdl1,amax,2136.42
10,xdl1,asum,1619.13
10,xdl1,axpy,1700.21
10,xdl1,copy,924.25
10,xdl1,swap,1571.07
10,xdl1,dot,2090.95
10,xdl1,rotm,4031.06
10,xsl1,nrm2,652.76
10,xsl1,amax,4528.91
10,xsl1,asum,1729.46
10,xsl1,axpy,3810.01
10,xsl1,copy,2034.56
10,xsl1,swap,3473.13
10,xsl1,dot,4689.77
10,xsl1,rotm,6553.01
10,xsl1,dsdot,1736.32
10,xsl1,sdsdot,1742.81
10,xcl2,gbmv,2622.87
10,xcl2,gemv,10523.70
10,xcl2,hbmv,3365.66
10,xcl2,hpmv,4628.76
10,xcl2,hemv,15114.98
10,xcl2,tbmv,2333.16
10,xcl2,tpmv,5906.06
10,xcl2,trmv,9579.12
10,xcl2,tbsv,1085.78
10,xcl2,tpsv,12925.93
10,xcl2,trsv,10122.97
10,xcl2,gerc,7490.72
10,xcl2,geru,7478.52
10,xcl2,ger2c,7499.03
10,xcl2,ger2u,7490.90
10,xcl2,hpr,11256.35
10,xcl2,her,7289.57
10,xcl2,hpr2,19837.61
10,xcl2,her2,11445.10
10,xzl2,gbmv,3072.45
10,xzl2,gemv,5785.68
10,xzl2,hbmv,3381.23
10,xzl2,hpmv,4963.25
10,xzl2,hemv,9529.57
10,xzl2,tbmv,2595.42
10,xzl2,tpmv,4888.21
10,xzl2,trmv,5497.75
10,xzl2,tbsv,982.11
10,xzl2,tpsv,6265.36
10,xzl2,trsv,5676.67
10,xdl2,gbmv,915.15
10,xdl2,gemv,3419.58
10,xdl2,sbmv,1456.88
10,xdl2,spmv,3200.42
10,xdl2,symv,5061.25
10,xdl2,tbmv,614.46
10,xdl2,tpmv,3353.85
10,xdl2,trmv,3272.11
10,xdl2,tbsv,379.86
10,xdl2,tpsv,3624.28
10,xdl2,trsv,3505.13
10,xdl2,ger,2811.05
10,xdl2,ger2,2826.20
10,xdl2,spr,3067.27
10,xdl2,syr,2755.51
10,xdl2,spr2,5721.93
10,xdl2,syr2,5223.55
10,xsl2,gbmv,982.46
10,xsl2,gemv,6990.03
10,xsl2,sbmv,1512.48
10,xsl2,spmv,3590.21
10,xsl2,symv,6098.76
10,xsl2,tbmv,476.12
10,xsl2,tpmv,7218.25
10,xsl2,trmv,6529.97
10,xsl2,tbsv,422.15
10,xsl2,tpsv,7697.37
10,xsl2,trsv,7175.38
10,xsl2,ger,5448.08
10,xsl2,ger2,5420.80
10,xsl2,spr,6398.48
10,xsl2,syr,5210.05
10,xsl2,spr2,11762.57
10,xsl2,syr2,9730.01
10,xcl3,gemm,720855.76
10,xcl3,hemm,738404.10
10,xcl3,herk,527216.51
10,xcl3,her2k,546083.21
10,xcl3,symm,751006.75
10,xcl3,syr2k,542655.05
10,xcl3,syrk,527502.11
10,xcl3,trmm,594000.81
10,xcl3,trsm,389431.32
10,xzl3,gemm,446321.86
10,xzl3,hemm,458998.35
10,xzl3,herk,338824.48
10,xzl3,her2k,351886.68
10,xzl3,symm,459196.05
10,xzl3,syr2k,353224.53
10,xzl3,syrk,346791.81
10,xzl3,trmm,385957.56
10,xzl3,trsm,301752.63
10,xdl3,gemm,320689.17
10,xdl3,symm,338430.68
10,xdl3,syrk,238831.26
10,xdl3,syr2k,243850.16
10,xdl3,trmm,260365.40
10,xdl3,trsm,177486.33
10,xsl3,gemm,472247.21
10,xsl3,symm,496783.02
10,xsl3,syrk,354718.05
10,xsl3,syr2k,407100.75
10,xsl3,trmm,385675.65
10,xsl3,trsm,180471.37
11,xcl1,nrm2,2830.63
11,xcl1,amax,1577.71
11,xcl1,asum,1795.01
11,xcl1,axpy,6787.96
11,xcl1,copy,1972.60
11,xcl1,swap,3137.41
11,xcl1,dotc,7615.15
11,xcl1,dotu,7509.10
11,xzl1,nrm2,2592.91
11,xzl1,amax,1505.55
11,xzl1,asum,1682.96
11,xzl1,axpy,3282.17
11,xzl1,copy,911.96
11,xzl1,swap,1529.85
11,xzl1,dotc,3407.47
11,xzl1,dotu,3419.16
11,xdl1,nrm2,556.20
11,xdl1,amax,2159.27
11,xdl1,asum,1605.58
11,xdl1,axpy,1695.23
11,xdl1,copy,915.47
11,xdl1,swap,1579.80
11,xdl1,dot,2106.32
11,xdl1,rotm,4017.21
11,xsl1,nrm2,656.83
11,xsl1,amax,4584.38
11,xsl1,asum,1696.71
11,xsl1,axpy,3790.73
11,xsl1,copy,1996.28
11,xsl1,swap,3490.72
11,xsl1,dot,4797.65
11,xsl1,rotm,6618.33
11,xsl1,dsdot,1759.48
11,xsl1,sdsdot,1755.45
11,xcl2,gbmv,2610.38
11,xcl2,gemv,10419.60
11,xcl2,hbmv,3336.01
11,xcl2,hpmv,4607.77
11,xcl2,hemv,15140.25
11,xcl2,tbmv,2381.55
11,xcl2,tpmv,5809.51
11,xcl2,trmv,9808.05
11,xcl2,tbsv,1089.40
11,xcl2,tpsv,12855.35
11,xcl2,trsv,10202.13
11,xcl2,gerc,7481.61
11,xcl2,geru,7503.28
11,xcl2,ger2c,7507.71
11,xcl2,ger2u,7501.93
11,xcl2,hpr,11242.51
11,xcl2,her,7287.76
11,xcl2,hpr2,20094.11
11,xcl2,her2,11418.67
11,xzl2,gbmv,3014.67
11,xzl2,gemv,5786.17
11,xzl2,hbmv,3410.30
11,xzl2,hpmv,4909.08
11,xzl2,hemv,9559.40
11,xzl2,tbmv,2539.16
11,xzl2,tpmv,4869.35
11,xzl2,trmv,5475.96
11,xzl2,tbsv,984.22
11,xzl2,tpsv,6258.30
11,xzl2,trsv,5744.53
11,xdl2,gbmv,999.36
11,xdl2,gemv,3412.90
11,xdl2,sbmv,1460.27
11,xdl2,spmv,3241.51
11,xdl2,symv,5019.25
11,xdl2,tbmv,620.40
11,xdl2,tpmv,3401.47
11,xdl2,trmv,3305.96
11,xdl2,tbsv,381.61
11,xdl2,tpsv,3550.56
11,xdl2,trsv,3475.95
11,xdl2,ger,2809.32
11,xdl2,ger2,2813.13
11,xdl2,spr,2997.43
11,xdl2,syr,2741.58
11,xdl2,spr2,5729.58
11,xdl2,syr2,5204.11
11,xsl2,gbmv,969.78
11,xsl2,gemv,7013.65
11,xsl2,sbmv,1529.22
11,xsl2,spmv,3553.78
11,xsl2,symv,6082.32
11,xsl2,tbmv,531.50
11,xsl2,tpmv,7207.50
11,xsl2,trmv,6541.55
11,xsl2,tbsv,424.38
11,xsl2,tpsv,7793.25
11,xsl2,trsv,7199.17
11,xsl2,ger,5419.51
11,xsl2,ger2,5439.85
11,xsl2,spr,6431.38
11,xsl2,syr,5193.18
11,xsl2,spr2,11974.55
11,xsl2,syr2,9731.02
11,xcl3,gemm,853378.55
11,xcl3,hemm,843307.31
11,xcl3,herk,539820.88
11,xcl3,her2k,582116.71
11,xcl3,symm,843114.93
11,xcl3,syr2k,575158.55
11,xcl3,syrk,546757.13
11,xcl3,trmm,537550.43
11,xcl3,trsm,403566.10
11,xzl3,gemm,523372.85
11,xzl3,hemm,501305.28
11,xzl3,herk,353337.50
11,xzl3,her2k,348781.86
11,xzl3,symm,535327.07
11,xzl3,syr2k,355111.07
11,xzl3,syrk,340407.97
11,xzl3,trmm,399981.56
11,xzl3,trsm,310238.77
11,xdl3,gemm,360706.36
11,xdl3,symm,350276.00
11,xdl3,syrk,220466.05
11,xdl3,syr2k,249209.16
11,xdl3,trmm,225448.97
11,xdl3,trsm,179433.08
11,xsl3,gemm,538793.26
11,xsl3,symm,512322.82
11,xsl3,syrk,292038.05
11,xsl3,syr2k,317269.61
11,xsl3,trmm,302203.53
11,xsl3,trsm,172701.50
12,xcl1,nrm2,2821.38
12,xcl1,amax,1583.62
12,xcl1,asum,1771.82
12,xcl1,axpy,6779.62
12,xcl1,copy,1953.62
12,xcl1,swap,3135.72
12,xcl1,dotc,7520.27
12,xcl1,dotu,7582.10
12,xzl1,nrm2,2608.68
12,xzl1,amax,1511.85
12,xzl1,asum,1670.67
12,xzl1,axpy,3272.53
12,xzl1,copy,915.73
12,xzl1,swap,1527.00
12,xzl1,dotc,3413.96
12,xzl1,dotu,3428.01
12,xdl1,nrm2,551.71
12,xdl1,amax,2188.06
12,xdl1,asum,1625.26
12,xdl1,axpy,1695.33
12,xdl1,copy,916.80
12,xdl1,swap,1565.75
12,xdl1,dot,2098.57
12,xdl1,rotm,4012.70
12,xsl1,nrm2,651.50
12,xsl1,amax,4621.97
12,xsl1,asum,1726.61
12,xsl1,axpy,3863.38
12,xsl1,copy,2072.28
12,xsl1,swap,3577.10
12,xsl1,dot,4897.47
12,xsl1,rotm,6537.98
12,xsl1,dsdot,1734.97
12,xsl1,sdsdot,1744.17
12,xcl2,gbmv,2627.67
12,xcl2,gemv,10391.36
12,xcl2,hbmv,3309.50
12,xcl2,hpmv,4648.17
12,xcl2,hemv,15150.92
12,xcl2,tbmv,2362.51
12,xcl2,tpmv,5885.13
12,xcl2,trmv,9483.70
12,xcl2,tbsv,1086.88
12,xcl2,tpsv,12945.26
12,xcl2,trsv,10197.27
12,xcl2,gerc,7469.91
12,xcl2,geru,7485.47
12,xcl2,ger2c,7536.72
12,xcl2,ger2u,7501.01
12,xcl2,hpr,11416.66
12,xcl2,her,7328.36
12,xcl2,hpr2,20346.56
12,xcl2,her2,11408.20
12,xzl2,gbmv,3067.90
12,xzl2,gemv,5851.55
12,xzl2,hbmv,3419.70
12,xzl2,hpmv,4926.27
12,xzl2,hemv,9573.48
12,xzl2,tbmv,2592.76
12,xzl2,tpmv,4896.03
12,xzl2,trmv,5553.32
12,xzl2,tbsv,974.73
12,xzl2,tpsv,6232.15
12,xzl2,trsv,5755.43
12,xdl2,gbmv,980.42
12,xdl2,gemv,3477.86
12,xdl2,sbmv,1457.45
12,xdl2,spmv,3200.31
12,xdl2,symv,5000.05
12,xdl2,tbmv,604.97
12,xdl2,tpmv,3403.86
12,xdl2,trmv,3350.61
12,xdl2,tbsv,380.91
12,xdl2,tpsv,3694.31
12,xdl2,trsv,3528.98
12,xdl2,ger,2816.75
12,xdl2,ger2,2852.67
12,xdl2,spr,3091.32
12,xdl2,syr,2771.53
12,xdl2,spr2,5734.53
12,xdl2,syr2,5245.12
12,xsl2,gbmv,984.66
12,xsl2,gemv,7134.13
12,xsl2,sbmv,1529.81
12,xsl2,spmv,3512.15
12,xsl2,symv,6073.80
12,xsl2,tbmv,523.15
12,xsl2,tpmv,7248.11
12,xsl2,trmv,6613.61
12,xsl2,tbsv,421.85
12,xsl2,tpsv,7939.86
12,xsl2,trsv,7396.36
12,xsl2,ger,5477.71
12,xsl2,ger2,5468.67
12,xsl2,spr,6355.78
12,xsl2,syr,5261.22
12,xsl2,spr2,11985.86
12,xsl2,syr2,9902.00
12,xcl3,gemm,902156.15
12,xcl3,hemm,876094.30
12,xcl3,herk,572354.07
12,xcl3,her2k,632505.65
12,xcl3,symm,906408.66
12,xcl3,syr2k,640773.43
12,xcl3,syrk,587194.81
12,xcl3,trmm,623421.96
12,xcl3,trsm,290332.45
12,xzl3,gemm,545759.18
12,xzl3,hemm,556514.72
12,xzl3,herk,378874.50
12,xzl3,her2k,375558.37
12,xzl3,symm,551596.75
12,xzl3,syr2k,402967.12
12,xzl3,syrk,388670.71
12,xzl3,trmm,431792.81
12,xzl3,trsm,344642.72
12,xdl3,gemm,377347.51
12,xdl3,symm,380620.35
12,xdl3,syrk,250106.70
12,xdl3,syr2k,268082.63
12,xdl3,trmm,276406.35
12,xdl3,trsm,194852.83
12,xsl3,gemm,597608.66
12,xsl3,symm,592467.85
12,xsl3,syrk,369513.70
12,xsl3,syr2k,453472.55
12,xsl3,trmm,427168.30
12,xsl3,trsm,192306.28
13,xcl1,nrm2,2830.46
13,xcl1,amax,1590.50
13,xcl1,asum,1797.38
13,xcl1,axpy,6812.37
13,xcl1,copy,1962.83
13,xcl1,swap,3125.87
13,xcl1,dotc,7600.65
13,xcl1,dotu,7565.17
13,xzl1,nrm2,2588.87
13,xzl1,amax,1513.83
13,xzl1,asum,1675.83
13,xzl1,axpy,3285.03
13,xzl1,copy,914.06
13,xzl1,swap,1527.30
13,xzl1,dotc,3404.85
13,xzl1,dotu,3420.22
13,xdl1,nrm2,558.28
13,xdl1,amax,2172.37
13,xdl1,asum,1605.82
13,xdl1,axpy,1697.12
13,xdl1,copy,916.32
13,xdl1,swap,1572.30
13,xdl1,dot,2096.05
13,xdl1,rotm,4061.30
13,xsl1,nrm2,655.86
13,xsl1,amax,4504.42
13,xsl1,asum,1718.87
13,xsl1,axpy,3806.27
13,xsl1,copy,2039.26
13,xsl1,swap,3406.60
13,xsl1,dot,4785.02
13,xsl1,rotm,6582.20
13,xsl1,dsdot,1741.52
13,xsl1,sdsdot,1755.42
13,xcl2,gbmv,2622.60
13,xcl2,gemv,10426.38
13,xcl2,hbmv,3219.71
13,xcl2,hpmv,4629.21
13,xcl2,hemv,15197.88
13,xcl2,tbmv,2346.90
13,xcl2,tpmv,5853.07
13,xcl2,trmv,9656.95
13,xcl2,tbsv,1108.72
13,xcl2,tpsv,12976.11
13,xcl2,trsv,10149.83
13,xcl2,gerc,7502.57
13,xcl2,geru,7498.18
13,xcl2,ger2c,7462.78
13,xcl2,ger2u,7495.11
13,xcl2,hpr,11140.63
13,xcl2,her,7304.78
13,xcl2,hpr2,20162.86
13,xcl2,her2,11476.77
13,xzl2,gbmv,3117.97
13,xzl2,gemv,5751.62
13,xzl2,hbmv,3476.73
13,xzl2,hpmv,4965.87
13,xzl2,hemv,9550.42
13,xzl2,tbmv,2618.05
13,xzl2,tpmv,4930.21
13,xzl2,trmv,5472.22
13,xzl2,tbsv,1004.23
13,xzl2,tpsv,6280.73
13,xzl2,trsv,5735.16
13,xdl2,gbmv,986.90
13,xdl2,gemv,3428.13
13,xdl2,sbmv,1481.48
13,xdl2,spmv,3273.95
13,xdl2,symv,5008.01
13,xdl2,tbmv,625.35
13,xdl2,tpmv,3399.93
13,xdl2,trmv,3284.85
13,xdl2,tbsv,385.63
13,xdl2,tpsv,3674.32
13,xdl2,trsv,3491.12
13,xdl2,ger,2800.05
13,xdl2,ger2,2812.86
13,xdl2,spr,3049.02
13,xdl2,syr,2754.70
13,xdl2,spr2,5750.25
13,xdl2,syr2,5229.23
13,xsl2,gbmv,1004.20
13,xsl2,gemv,7033.85
13,xsl2,sbmv,1550.62
13,xsl2,spmv,3567.42
13,xsl2,symv,6097.28
13,xsl2,tbmv,542.93
13,xsl2,tpmv,7297.62
13,xsl2,trmv,6494.72
13,xsl2,tbsv,441.57
13,xsl2,tpsv,7825.06
13,xsl2,trsv,7152.37
13,xsl2,ger,5424.57
13,xsl2,ger2,5416.65
13,xsl2,spr,6380.87
13,xsl2,syr,5222.53
13,xsl2,spr2,11801.05
13,xsl2,syr2,9816.05
13,xcl3,gemm,631028.05
13,xcl3,hemm,620453.57
13,xcl3,herk,374906.15
13,xcl3,her2k,400850.48
13,xcl3,symm,636130.58
13,xcl3,syr2k,401381.93
13,xcl3,syrk,378648.13
13,xcl3,trmm,332189.61
13,xcl3,trsm,334409.32
13,xzl3,gemm,400668.76
13,xzl3,hemm,401827.70
13,xzl3,herk,248840.65
13,xzl3,her2k,258115.41
13,xzl3,symm,402686.90
13,xzl3,syr2k,258870.75
13,xzl3,syrk,246931.73
13,xzl3,trmm,291922.18
13,xzl3,trsm,249227.91
13,xdl3,gemm,282169.40
13,xdl3,symm,269236.20
13,xdl3,syrk,156308.56
13,xdl3,syr2k,167123.41
13,xdl3,trmm,177077.52
13,xdl3,trsm,149525.88
13,xsl3,gemm,409160.37
13,xsl3,symm,393431.85
13,xsl3,syrk,224029.65
13,xsl3,syr2k,274190.41
13,xsl3,trmm,238302.08
13,xsl3,trsm,154634.93
14,xcl1,nrm2,2858.87
14,xcl1,amax,1607.50
14,xcl1,asum,1779.90
14,xcl1,axpy,6799.67
14,xcl1,copy,1957.76
14,xcl1,swap,3122.78
14,xcl1,dotc,7536.95
14,xcl1,dotu,7544.81
14,xzl1,nrm2,2610.76
14,xzl1,amax,1500.81
14,xzl1,asum,1678.72
14,xzl1,axpy,3291.70
14,xzl1,copy,915.35
14,xzl1,swap,1528.72
14,xzl1,dotc,3429.85
14,xzl1,dotu,3424.11
14,xdl1,nrm2,548.77
14,xdl1,amax,2187.42
14,xdl1,asum,1631.46
14,xdl1,axpy,1700.81
14,xdl1,copy,908.36
14,xdl1,swap,1571.83
14,xdl1,dot,2090.93
14,xdl1,rotm,4049.68
14,xsl1,nrm2,662.78
14,xsl1,amax,4575.86
14,xsl1,asum,1727.48
14,xsl1,axpy,3801.81
14,xsl1,copy,2040.40
14,xsl1,swap,3501.18
14,xsl1,dot,4818.42
14,xsl1,rotm,6458.00
14,xsl1,dsdot,1768.00
14,xsl1,sdsdot,1782.18
14,xcl2,gbmv,2683.47
14,xcl2,gemv,10493.78
14,xcl2,hbmv,3435.07
14,xcl2,hpmv,4638.05
14,xcl2,hemv,15238.01
14,xcl2,tbmv,2408.67
14,xcl2,tpmv,5898.31
14,xcl2,trmv,9501.65
14,xcl2,tbsv,1083.03
14,xcl2,tpsv,12958.36
14,xcl2,trsv,10138.06
14,xcl2,gerc,7523.18
14,xcl2,geru,7499.30
14,xcl2,ger2c,7491.48
14,xcl2,ger2u,7487.28
14,xcl2,hpr,11305.66
14,xcl2,her,7363.36
14,xcl2,hpr2,20090.18
14,xcl2,her2,11451.07
14,xzl2,gbmv,3191.08
14,xzl2,gemv,5824.68
14,xzl2,hbmv,3434.52
14,xzl2,hpmv,4938.37
14,xzl2,hemv,9642.43
14,xzl2,tbmv,2582.91
14,xzl2,tpmv,4921.75
14,xzl2,trmv,5485.58
14,xzl2,tbsv,1002.91
14,xzl2,tpsv,6278.02
14,xzl2,trsv,5715.62
14,xdl2,gbmv,968.47
14,xdl2,gemv,3418.36
14,xdl2,sbmv,1436.30
14,xdl2,spmv,3274.10
14,xdl2,symv,5040.75
14,xdl2,tbmv,627.51
14,xdl2,tpmv,3456.91
14,xdl2,trmv,3283.25
14,xdl2,tbsv,389.03
14,xdl2,tpsv,3654.82
14,xdl2,trsv,3477.31
14,xdl2,ger,2789.68
14,xdl2,ger2,2817.51
14,xdl2,spr,3061.80
14,xdl2,syr,2744.52
14,xdl2,spr2,5676.23
14,xdl2,syr2,5205.71
14,xsl2,gbmv,1002.47
14,xsl2,gemv,7029.70
14,xsl2,sbmv,1588.21
14,xsl2,spmv,3549.85
14,xsl2,symv,6112.30
14,xsl2,tbmv,541.07
14,xsl2,tpmv,7306.16
14,xsl2,trmv,6600.07
14,xsl2,tbsv,433.77
14,xsl2,tpsv,7961.05
14,xsl2,trsv,7214.40
14,xsl2,ger,5402.66
14,xsl2,ger2,5472.51
14,xsl2,spr,6307.13
14,xsl2,syr,5189.38
14,xsl2,spr2,11903.38
14,xsl2,syr2,9733.66
14,xcl3,gemm,533161.95
14,xcl3,hemm,538610.08
14,xcl3,herk,449336.80
14,xcl3,her2k,475334.13
14,xcl3,symm,538261.36
14,xcl3,syr2k,471944.58
14,xcl3,syrk,446598.25
14,xcl3,trmm,458870.68
14,xcl3,trsm,313482.66
14,xzl3,gemm,314157.48
14,xzl3,hemm,319009.47
14,xzl3,herk,269975.51
14,xzl3,her2k,275747.21
14,xzl3,symm,318346.38
14,xzl3,syr2k,281462.33
14,xzl3,syrk,273632.61
14,xzl3,trmm,284978.23
14,xzl3,trsm,222534.56
14,xdl3,gemm,235827.07
14,xdl3,symm,243920.95
14,xdl3,syrk,192784.96
14,xdl3,syr2k,201804.53
14,xdl3,trmm,204251.75
14,xdl3,trsm,139213.07
14,xsl3,gemm,410573.52
14,xsl3,symm,399203.88
14,xsl3,syrk,307447.90
14,xsl3,syr2k,340094.35
14,xsl3,trmm,320116.37
14,xsl3,trsm,154423.36
15,xcl1,nrm2,2860.60
15,xcl1,amax,1610.23
15,xcl1,asum,1795.67
15,xcl1,axpy,6773.00
15,xcl1,copy,1959.07
15,xcl1,swap,3140.80
15,xcl1,dotc,7555.72
15,xcl1,dotu,7562.43
15,xzl1,nrm2,2594.33
15,xzl1,amax,1500.93
15,xzl1,asum,1672.41
15,xzl1,axpy,3272.20
15,xzl1,copy,920.25
15,xzl1,swap,1551.88
15,xzl1,dotc,3491.98
15,xzl1,dotu,3500.56
15,xdl1,nrm2,562.18
15,xdl1,amax,2164.61
15,xdl1,asum,1617.23
15,xdl1,axpy,1704.81
15,xdl1,copy,918.01
15,xdl1,swap,1575.45
15,xdl1,dot,2105.03
15,xdl1,rotm,4059.42
15,xsl1,nrm2,662.03
15,xsl1,amax,4457.76
15,xsl1,asum,1705.25
15,xsl1,axpy,3788.22
15,xsl1,copy,2037.05
15,xsl1,swap,3468.13
15,xsl1,dot,4818.15
15,xsl1,rotm,6448.17
15,xsl1,dsdot,1733.80
15,xsl1,sdsdot,1750.55
15,xcl2,gbmv,2644.00
15,xcl2,gemv,10434.92
15,xcl2,hbmv,3410.38
15,xcl2,hpmv,4636.26
15,xcl2,hemv,15220.92
15,xcl2,tbmv,2402.38
15,xcl2,tpmv,5900.06
15,xcl2,trmv,9642.33
15,xcl2,tbsv,1096.78
15,xcl2,tpsv,12820.66
15,xcl2,trsv,10198.82
15,xcl2,gerc,7450.50
15,xcl2,geru,7458.02
15,xcl2,ger2c,7467.60
15,xcl2,ger2u,7468.21
15,xcl2,hpr,11222.71
15,xcl2,her,7322.61
15,xcl2,hpr2,20317.45
15,xcl2,her2,11480.98
15,xzl2,gbmv,3063.27
15,xzl2,gemv,5823.67
15,xzl2,hbmv,3474.35
15,xzl2,hpmv,4922.48
15,xzl2,hemv,9570.77
15,xzl2,tbmv,2585.75
15,xzl2,tpmv,4902.92
15,xzl2,trmv,5570.48
15,xzl2,tbsv,988.62
15,xzl2,tpsv,6292.40
15,xzl2,trsv,5722.31
15,xdl2,gbmv,920.18
15,xdl2,gemv,3444.06
15,xdl2,sbmv,1421.18
15,xdl2,spmv,3272.03
15,xdl2,symv,4981.67
15,xdl2,tbmv,620.71
15,xdl2,tpmv,3373.02
15,xdl2,trmv,3287.42
15,xdl2,tbsv,381.23
15,xdl2,tpsv,3588.08
15,xdl2,trsv,3501.70
15,xdl2,ger,2823.96
15,xdl2,ger2,2816.27
15,xdl2,spr,3063.77
15,xdl2,syr,2761.15
15,xdl2,spr2,5681.52
15,xdl2,syr2,5186.67
15,xsl2,gbmv,986.52
15,xsl2,gemv,7039.00
15,xsl2,sbmv,1523.42
15,xsl2,spmv,3534.26
15,xsl2,symv,6146.47
15,xsl2,tbmv,541.53
15,xsl2,tpmv,7166.83
15,xsl2,trmv,6583.50
15,xsl2,tbsv,429.66
15,xsl2,tpsv,7770.97
15,xsl2,trsv,7272.31
15,xsl2,ger,5456.61
15,xsl2,ger2,5461.61
15,xsl2,spr,6424.98
15,xsl2,syr,5229.23
15,xsl2,spr2,11835.62
15,xsl2,syr2,9764.76
15,xcl3,gemm,576721.88
15,xcl3,hemm,588247.01
15,xcl3,herk,465682.86
15,xcl3,her2k,487989.48
15,xcl3,symm,589264.28
15,xcl3,syr2k,489832.46
15,xcl3,syrk,468689.30
15,xcl3,trmm,496532.40
15,xcl3,trsm,332489.05
15,xzl3,gemm,342965.83
15,xzl3,hemm,357076.35
15,xzl3,herk,279366.75
15,xzl3,her2k,293754.26
15,xzl3,symm,356076.57
15,xzl3,syr2k,289448.46
15,xzl3,syrk,293426.18
15,xzl3,trmm,298672.36
15,xzl3,trsm,243693.37
15,xdl3,gemm,261261.57
15,xdl3,symm,246992.68
15,xdl3,syrk,195195.06
15,xdl3,syr2k,217195.72
15,xdl3,trmm,212920.32
15,xdl3,trsm,155859.40
15,xsl3,gemm,455828.78
15,xsl3,symm,432745.66
15,xsl3,syrk,319313.00
15,xsl3,syr2k,349041.26
15,xsl3,trmm,341901.86
15,xsl3,trsm,158268.45
16,xcl1,nrm2,2827.81
16,xcl1,amax,1584.97
16,xcl1,asum,1795.70
16,xcl1,axpy,6829.35
16,xcl1,copy,1965.82
16,xcl1,swap,3142.17
16,xcl1,dotc,7595.02
16,xcl1,dotu,7656.48
16,xzl1,nrm2,2645.97
16,xzl1,amax,1508.00
16,xzl1,asum,1693.43
16,xzl1,axpy,3353.77
16,xzl1,copy,937.26
16,xzl1,swap,1556.56
16,xzl1,dotc,3489.88
16,xzl1,dotu,3499.02
16,xdl1,nrm2,550.00
16,xdl1,amax,2201.98
16,xdl1,asum,1614.38
16,xdl1,axpy,1733.77
16,xdl1,copy,939.50
16,xdl1,swap,1598.80
16,xdl1,dot,2156.77
16,xdl1,rotm,4078.00
16,xsl1,nrm2,649.67
16,xsl1,amax,4654.63
16,xsl1,asum,1730.61
16,xsl1,axpy,3902.65
16,xsl1,copy,2094.27
16,xsl1,swap,3541.05
16,xsl1,dot,4978.61
16,xsl1,rotm,6544.88
16,xsl1,dsdot,1781.02
16,xsl1,sdsdot,1752.22
16,xcl2,gbmv,2705.48
16,xcl2,gemv,10446.77
16,xcl2,hbmv,3294.90
16,xcl2,hpmv,4640.90
16,xcl2,hemv,15271.92
16,xcl2,tbmv,2368.48
16,xcl2,tpmv,5891.81
16,xcl2,trmv,9506.43
16,xcl2,tbsv,1107.88
16,xcl2,tpsv,13167.60
16,xcl2,trsv,10224.97
16,xcl2,gerc,7543.30
16,xcl2,geru,7540.95
16,xcl2,ger2c,7564.57
16,xcl2,ger2u,7562.27
16,xcl2,hpr,11332.08
16,xcl2,her,7378.65
16,xcl2,hpr2,20223.52
16,xcl2,her2,11491.80
16,xzl2,gbmv,3137.91
16,xzl2,gemv,5881.87
16,xzl2,hbmv,3491.76
16,xzl2,hpmv,4977.85
16,xzl2,hemv,9590.92
16,xzl2,tbmv,2628.36
16,xzl2,tpmv,4975.00
16,xzl2,trmv,5586.66
16,xzl2,tbsv,995.07
16,xzl2,tpsv,6352.60
16,xzl2,trsv,5818.75
16,xdl2,gbmv,994.52
16,xdl2,gemv,3498.62
16,xdl2,sbmv,1506.00
16,xdl2,spmv,3328.01
16,xdl2,symv,5016.86
16,xdl2,tbmv,630.72
16,xdl2,tpmv,3474.26
16,xdl2,trmv,3340.66
16,xdl2,tbsv,392.85
16,xdl2,tpsv,3685.63
16,xdl2,trsv,3557.02
16,xdl2,ger,2856.50
16,xdl2,ger2,2850.05
16,xdl2,spr,3102.17
16,xdl2,syr,2812.60
16,xdl2,spr2,5797.60
16,xdl2,syr2,5274.62
16,xsl2,gbmv,1012.50
16,xsl2,gemv,7146.97
16,xsl2,sbmv,1553.56
16,xsl2,spmv,3565.77
16,xsl2,symv,6086.35
16,xsl2,tbmv,536.38
16,xsl2,tpmv,7362.20
16,xsl2,trmv,6668.70
16,xsl2,tbsv,435.07
16,xsl2,tpsv,7667.75
16,xsl2,trsv,7460.62
16,xsl2,ger,5520.05
16,xsl2,ger2,5585.63
16,xsl2,spr,6593.66
16,xsl2,syr,5280.55
16,xsl2,spr2,12386.12
16,xsl2,syr2,9936.23
16,xcl3,gemm,727296.05
16,xcl3,hemm,733502.11
16,xcl3,herk,518352.10
16,xcl3,her2k,545755.92
16,xcl3,symm,729463.18
16,xcl3,syr2k,537237.36
16,xcl3,syrk,510294.50
16,xcl3,trmm,568509.92
16,xcl3,trsm,377266.08
16,xzl3,gemm,424393.38
16,xzl3,hemm,428307.65
16,xzl3,herk,305772.32
16,xzl3,her2k,314816.30
16,xzl3,symm,425471.05
16,xzl3,syr2k,314901.97
16,xzl3,syrk,301570.47
16,xzl3,trmm,345740.10
16,xzl3,trsm,282147.07
16,xdl3,gemm,319675.26
16,xdl3,symm,305116.35
16,xdl3,syrk,219900.67
16,xdl3,syr2k,238205.30
16,xdl3,trmm,245966.28
16,xdl3,trsm,160519.78
16,xsl3,gemm,530246.13
16,xsl3,symm,500605.90
16,xsl3,syrk,338465.35
16,xsl3,syr2k,368862.25
16,xsl3,trmm,309072.95
16,xsl3,trsm,173548.27
17,xcl1,nrm2,2865.17
17,xcl1,amax,1589.13
17,xcl1,asum,1772.32
17,xcl1,axpy,6872.86
17,xcl1,copy,1978.22
17,xcl1,swap,3145.85
17,xcl1,dotc,7617.52
17,xcl1,dotu,7724.72
17,xzl1,nrm2,2613.00
17,xzl1,amax,1499.43
17,xzl1,asum,1686.37
17,xzl1,axpy,3297.00
17,xzl1,copy,918.52
17,xzl1,swap,1537.72
17,xzl1,dotc,3467.05
17,xzl1,dotu,3505.67
17,xdl1,nrm2,556.00
17,xdl1,amax,2202.15
17,xdl1,asum,1626.00
17,xdl1,axpy,1701.90
17,xdl1,copy,919.12
17,xdl1,swap,1571.36
17,xdl1,dot,2137.23
17,xdl1,rotm,4100.31
17,xsl1,nrm2,664.20
17,xsl1,amax,4581.03
17,xsl1,asum,1735.05
17,xsl1,axpy,3854.67
17,xsl1,copy,2048.03
17,xsl1,swap,3488.63
17,xsl1,dot,4925.17
17,xsl1,rotm,6554.66
17,xsl1,dsdot,1763.73
17,xsl1,sdsdot,1773.33
17,xcl2,gbmv,2642.18
17,xcl2,gemv,10456.77
17,xcl2,hbmv,3308.82
17,xcl2,hpmv,4614.75
17,xcl2,hemv,15244.58
17,xcl2,tbmv,2287.48
17,xcl2,tpmv,5909.63
17,xcl2,trmv,9619.46
17,xcl2,tbsv,1101.86
17,xcl2,tpsv,12959.06
17,xcl2,trsv,10282.52
17,xcl2,gerc,7583.10
17,xcl2,geru,7583.21
17,xcl2,ger2c,7596.17
17,xcl2,ger2u,7590.65
17,xcl2,hpr,11282.60
17,xcl2,her,7431.88
17,xcl2,hpr2,20283.13
17,xcl2,her2,11472.48
17,xzl2,gbmv,3005.03
17,xzl2,gemv,5756.27
17,xzl2,hbmv,3439.93
17,xzl2,hpmv,4948.33
17,xzl2,hemv,9508.22
17,xzl2,tbmv,2604.60
17,xzl2,tpmv,5021.11
17,xzl2,trmv,5523.16
17,xzl2,tbsv,982.65
17,xzl2,tpsv,6320.26
17,xzl2,trsv,5681.98
17,xdl2,gbmv,995.05
17,xdl2,gemv,3396.28
17,xdl2,sbmv,1491.61
17,xdl2,spmv,3238.00
17,xdl2,symv,5006.16
17,xdl2,tbmv,619.30
17,xdl2,tpmv,3384.28
17,xdl2,trmv,3262.85
17,xdl2,tbsv,375.96
17,xdl2,tpsv,3676.02
17,xdl2,trsv,3470.02
17,xdl2,ger,2816.56
17,xdl2,ger2,2844.37
17,xdl2,spr,3045.06
17,xdl2,syr,2798.18
17,xdl2,spr2,5720.92
17,xdl2,syr2,5222.48
17,xsl2,gbmv,998.73
17,xsl2,gemv,6953.70
17,xsl2,sbmv,1519.50
17,xsl2,spmv,3531.93
17,xsl2,symv,6072.28
17,xsl2,tbmv,532.63
17,xsl2,tpmv,7288.03
17,xsl2,trmv,6510.03
17,xsl2,tbsv,425.43
17,xsl2,tpsv,7902.96
17,xsl2,trsv,7222.66
17,xsl2,ger,5489.01
17,xsl2,ger2,5527.78
17,xsl2,spr,6368.77
17,xsl2,syr,5241.55
17,xsl2,spr2,12002.36
17,xsl2,syr2,9868.48
17,xcl3,gemm,695599.98
17,xcl3,hemm,685746.96
17,xcl3,herk,405339.42
17,xcl3,her2k,435881.72
17,xcl3,symm,685897.72
17,xcl3,syr2k,430685.73
17,xcl3,syrk,404512.60
17,xcl3,trmm,442411.22
17,xcl3,trsm,354026.67
17,xzl3,gemm,428318.46
17,xzl3,hemm,427500.50
17,xzl3,herk,298752.07
17,xzl3,her2k,311064.41
17,xzl3,symm,438566.07
17,xzl3,syr2k,307464.08
17,xzl3,syrk,295345.21
17,xzl3,trmm,293353.46
17,xzl3,trsm,272546.21
17,xdl3,gemm,296232.40
17,xdl3,symm,294843.36
17,xdl3,syrk,201480.07
17,xdl3,syr2k,176619.42
17,xdl3,trmm,193783.68
17,xdl3,trsm,159891.00
17,xsl3,gemm,438420.36
17,xsl3,symm,412642.11
17,xsl3,syrk,245446.71
17,xsl3,syr2k,301280.65
17,xsl3,trmm,259255.07
17,xsl3,trsm,165497.56
18,xcl1,nrm2,2854.38
18,xcl1,amax,1597.52
18,xcl1,asum,1780.48
18,xcl1,axpy,6814.90
18,xcl1,copy,1947.12
18,xcl1,swap,3146.57
18,xcl1,dotc,7547.63
18,xcl1,dotu,7599.17
18,xzl1,nrm2,2612.82
18,xzl1,amax,1520.10
18,xzl1,asum,1689.31
18,xzl1,axpy,3287.26
18,xzl1,copy,916.81
18,xzl1,swap,1528.81
18,xzl1,dotc,3390.01
18,xzl1,dotu,3449.90
18,xdl1,nrm2,558.20
18,xdl1,amax,2204.36
18,xdl1,asum,1628.43
18,xdl1,axpy,1692.97
18,xdl1,copy,921.12
18,xdl1,swap,1574.36
18,xdl1,dot,2094.95
18,xdl1,rotm,4051.22
18,xsl1,nrm2,665.56
18,xsl1,amax,4669.22
18,xsl1,asum,1728.28
18,xsl1,axpy,3840.65
18,xsl1,copy,2055.97
18,xsl1,swap,3494.37
18,xsl1,dot,4828.63
18,xsl1,rotm,6550.23
18,xsl1,dsdot,1769.78
18,xsl1,sdsdot,1768.41
18,xcl2,gbmv,2623.35
18,xcl2,gemv,10460.01
18,xcl2,hbmv,3408.33
18,xcl2,hpmv,4641.88
18,xcl2,hemv,15164.43
18,xcl2,tbmv,2392.85
18,xcl2,tpmv,5912.40
18,xcl2,trmv,9713.70
18,xcl2,tbsv,1111.15
18,xcl2,tpsv,13082.07
18,xcl2,trsv,10254.76
18,xcl2,gerc,7538.72
18,xcl2,geru,7518.38
18,xcl2,ger2c,7534.70
18,xcl2,ger2u,7527.95
18,xcl2,hpr,11332.92
18,xcl2,her,7326.93
18,xcl2,hpr2,20091.11
18,xcl2,her2,11475.36
18,xzl2,gbmv,3134.78
18,xzl2,gemv,5787.52
18,xzl2,hbmv,3457.62
18,xzl2,hpmv,4956.16
18,xzl2,hemv,9606.25
18,xzl2,tbmv,2570.81
18,xzl2,tpmv,4948.92
18,xzl2,trmv,5516.13
18,xzl2,tbsv,1006.77
18,xzl2,tpsv,6290.42
18,xzl2,trsv,5716.07
18,xdl2,gbmv,1007.72
18,xdl2,gemv,3435.18
18,xdl2,sbmv,1484.37
18,xdl2,spmv,3321.90
18,xdl2,symv,5017.36
18,xdl2,tbmv,597.80
18,xdl2,tpmv,3440.63
18,xdl2,trmv,3300.96
18,xdl2,tbsv,386.71
18,xdl2,tpsv,3660.82
18,xdl2,trsv,3477.35
18,xdl2,ger,2821.36
18,xdl2,ger2,2827.38
18,xdl2,spr,3100.22
18,xdl2,syr,2756.46
18,xdl2,spr2,5715.87
18,xdl2,syr2,5226.63
18,xsl2,gbmv,999.85
18,xsl2,gemv,7011.97
18,xsl2,sbmv,1565.05
18,xsl2,spmv,3578.58
18,xsl2,symv,6087.13
18,xsl2,tbmv,540.52
18,xsl2,tpmv,7280.88
18,xsl2,trmv,6563.83
18,xsl2,tbsv,432.71
18,xsl2,tpsv,7849.15
18,xsl2,trsv,7238.92
18,xsl2,ger,5459.22
18,xsl2,ger2,5417.07
18,xsl2,spr,6397.47
18,xsl2,syr,5212.06
18,xsl2,spr2,11877.45
18,xsl2,syr2,9782.51
18,xcl3,gemm,717004.46
18,xcl3,hemm,784402.26
18,xcl3,herk,512547.47
18,xcl3,her2k,555993.73
18,xcl3,symm,783563.86
18,xcl3,syr2k,541487.85
18,xcl3,syrk,518636.62
18,xcl3,trmm,553584.60
18,xcl3,trsm,359924.46
18,xzl3,gemm,455418.33
18,xzl3,hemm,468682.41
18,xzl3,herk,314942.35
18,xzl3,her2k,329729.02
18,xzl3,symm,467621.21
18,xzl3,syr2k,324143.58
18,xzl3,syrk,317474.70
18,xzl3,trmm,368223.37
18,xzl3,trsm,285297.21
18,xdl3,gemm,330908.96
18,xdl3,symm,336997.66
18,xdl3,syrk,184294.25
18,xdl3,syr2k,236380.91
18,xdl3,trmm,235604.53
18,xdl3,trsm,167350.65
18,xsl3,gemm,465434.76
18,xsl3,symm,527955.25
18,xsl3,syrk,338239.53
18,xsl3,syr2k,378474.98
18,xsl3,trmm,374138.71
18,xsl3,trsm,184317.31
19,xcl1,nrm2,2875.01
19,xcl1,amax,1606.72
19,xcl1,asum,1801.85
19,xcl1,axpy,6833.97
19,xcl1,copy,2026.50
19,xcl1,swap,3148.33
19,xcl1,dotc,7592.43
19,xcl1,dotu,7565.01
19,xzl1,nrm2,2614.66
19,xzl1,amax,1512.17
19,xzl1,asum,1694.93
19,xzl1,axpy,3267.68
19,xzl1,copy,912.50
19,xzl1,swap,1532.10
19,xzl1,dotc,3427.55
19,xzl1,dotu,3424.25
19,xdl1,nrm2,560.22
19,xdl1,amax,2177.95
19,xdl1,asum,1632.56
19,xdl1,axpy,1701.68
19,xdl1,copy,917.55
19,xdl1,swap,1565.22
19,xdl1,dot,2088.66
19,xdl1,rotm,4064.66
19,xsl1,nrm2,658.43
19,xsl1,amax,4530.31
19,xsl1,asum,1716.85
19,xsl1,axpy,3884.62
19,xsl1,copy,2027.27
19,xsl1,swap,3480.25
19,xsl1,dot,4812.26
19,xsl1,rotm,6488.78
19,xsl1,dsdot,1764.71
19,xsl1,sdsdot,1768.08
19,xcl2,gbmv,2668.68
19,xcl2,gemv,10453.50
19,xcl2,hbmv,2823.42
19,xcl2,hpmv,4629.47
19,xcl2,hemv,15334.23
19,xcl2,tbmv,2346.90
19,xcl2,tpmv,5845.57
19,xcl2,trmv,9724.93
19,xcl2,tbsv,1085.12
19,xcl2,tpsv,13090.60
19,xcl2,trsv,10290.42
19,xcl2,gerc,7511.86
19,xcl2,geru,7533.80
19,xcl2,ger2c,7488.25
19,xcl2,ger2u,7499.32
19,xcl2,hpr,11305.75
19,xcl2,her,7328.47
19,xcl2,hpr2,20163.85
19,xcl2,her2,11488.85
19,xzl2,gbmv,3029.06
19,xzl2,gemv,5758.87
19,xzl2,hbmv,3496.37
19,xzl2,hpmv,4951.65
19,xzl2,hemv,9565.02
19,xzl2,tbmv,2544.60
19,xzl2,tpmv,4942.96
19,xzl2,trmv,5551.02
19,xzl2,tbsv,1011.02
19,xzl2,tpsv,6284.01
19,xzl2,trsv,5759.48
19,xdl2,gbmv,972.13
19,xdl2,gemv,3424.38
19,xdl2,sbmv,1468.27
19,xdl2,spmv,3298.52
19,xdl2,symv,5017.00
19,xdl2,tbmv,614.47
19,xdl2,tpmv,3427.32
19,xdl2,trmv,3269.25
19,xdl2,tbsv,386.32
19,xdl2,tpsv,3633.27
19,xdl2,trsv,3502.45
19,xdl2,ger,2800.97
19,xdl2,ger2,2832.48
19,xdl2,spr,3056.03
19,xdl2,syr,2753.22
19,xdl2,spr2,5711.20
19,xdl2,syr2,5232.08
19,xsl2,gbmv,962.70
19,xsl2,gemv,6996.95
19,xsl2,sbmv,1471.83
19,xsl2,spmv,3613.97
19,xsl2,symv,6091.71
19,xsl2,tbmv,538.01
19,xsl2,tpmv,7239.03
19,xsl2,trmv,6607.87
19,xsl2,tbsv,436.68
19,xsl2,tpsv,7817.32
19,xsl2,trsv,7209.25
19,xsl2,ger,5414.18
19,xsl2,ger2,5406.55
19,xsl2,spr,6452.16
19,xsl2,syr,5153.16
19,xsl2,spr2,11760.83
19,xsl2,syr2,9749.62
19,xcl3,gemm,727286.76
19,xcl3,hemm,745092.21
19,xcl3,herk,452657.81
19,xcl3,her2k,475097.91
19,xcl3,symm,714557.58
19,xcl3,syr2k,484104.63
19,xcl3,syrk,425067.31
19,xcl3,trmm,400817.35
19,xcl3,trsm,357194.77
19,xzl3,gemm,448617.12
19,xzl3,hemm,480734.18
19,xzl3,herk,337773.26
19,xzl3,her2k,343361.28
19,xzl3,symm,466394.32
19,xzl3,syr2k,350487.07
19,xzl3,syrk,337867.65
19,xzl3,trmm,269162.40
19,xzl3,trsm,268831.47
19,xdl3,gemm,310777.58
19,xdl3,symm,317033.55
19,xdl3,syrk,182003.90
19,xdl3,syr2k,182668.72
19,xdl3,trmm,183279.65
19,xdl3,trsm,157773.23
19,xsl3,gemm,445358.01
19,xsl3,symm,435922.45
19,xsl3,syrk,260089.26
19,xsl3,syr2k,352982.73
19,xsl3,trmm,253230.63
19,xsl3,trsm,163837.51
20,xcl1,nrm2,2878.62
20,xcl1,amax,1591.03
20,xcl1,asum,1776.25
20,xcl1,axpy,6774.38
20,xcl1,copy,1977.17
20,xcl1,swap,3130.26
20,xcl1,dotc,7580.15
20,xcl1,dotu,7580.51
20,xzl1,nrm2,2605.36
20,xzl1,amax,1497.08
20,xzl1,asum,1699.43
20,xzl1,axpy,3280.77
20,xzl1,copy,914.48
20,xzl1,swap,1526.03
20,xzl1,dotc,3423.07
20,xzl1,dotu,3434.08
20,xdl1,nrm2,562.33
20,xdl1,amax,2186.28
20,xdl1,asum,1634.45
20,xdl1,axpy,1689.26
20,xdl1,copy,920.56
20,xdl1,swap,1576.78
20,xdl1,dot,2108.51
20,xdl1,rotm,4066.77
20,xsl1,nrm2,657.30
20,xsl1,amax,4594.77
20,xsl1,asum,1734.97
20,xsl1,axpy,3730.40
20,xsl1,copy,2019.80
20,xsl1,swap,3437.07
20,xsl1,dot,4812.56
20,xsl1,rotm,6529.50
20,xsl1,dsdot,1473.93
20,xsl1,sdsdot,1545.53
20,xcl2,gbmv,2676.72
20,xcl2,gemv,10235.52
20,xcl2,hbmv,3420.36
20,xcl2,hpmv,4639.26
20,xcl2,hemv,15185.27
20,xcl2,tbmv,2419.27
20,xcl2,tpmv,5851.28
20,xcl2,trmv,9828.08
20,xcl2,tbsv,1049.27
20,xcl2,tpsv,13029.11
20,xcl2,trsv,10137.40
20,xcl2,gerc,7498.53
20,xcl2,geru,7498.82
20,xcl2,ger2c,7488.16
20,xcl2,ger2u,7499.23
20,xcl2,hpr,11312.96
20,xcl2,her,7283.96
20,xcl2,hpr2,20134.22
20,xcl2,her2,11462.98
20,xzl2,gbmv,3058.66
20,xzl2,gemv,5770.35
20,xzl2,hbmv,3323.05
20,xzl2,hpmv,4940.51
20,xzl2,hemv,9610.80
20,xzl2,tbmv,2566.47
20,xzl2,tpmv,4920.28
20,xzl2,trmv,5478.47
20,xzl2,tbsv,996.37
20,xzl2,tpsv,6308.65
20,xzl2,trsv,5744.42
20,xdl2,gbmv,923.20
20,xdl2,gemv,3413.06
20,xdl2,sbmv,1454.31
20,xdl2,spmv,3213.48
20,xdl2,symv,5011.88
20,xdl2,tbmv,627.15
20,xdl2,tpmv,3411.73
20,xdl2,trmv,3280.98
20,xdl2,tbsv,387.30
20,xdl2,tpsv,3649.75
20,xdl2,trsv,3466.48
20,xdl2,ger,2793.87
20,xdl2,ger2,2821.10
20,xdl2,spr,3050.57
20,xdl2,syr,2763.13
20,xdl2,spr2,5693.93
20,xdl2,syr2,5247.10
20,xsl2,gbmv,1028.76
20,xsl2,gemv,7033.38
20,xsl2,sbmv,1522.22
20,xsl2,spmv,3586.98
20,xsl2,symv,6158.72
20,xsl2,tbmv,534.33
20,xsl2,tpmv,7297.71
20,xsl2,trmv,6552.52
20,xsl2,tbsv,434.77
20,xsl2,tpsv,7752.93
20,xsl2,trsv,7243.66
20,xsl2,ger,5438.30
20,xsl2,ger2,5430.81
20,xsl2,spr,6476.75
20,xsl2,syr,5196.81
20,xsl2,spr2,12065.06
20,xsl2,syr2,9863.03
20,xcl3,gemm,768925.65
20,xcl3,hemm,805051.11
20,xcl3,herk,426849.40
20,xcl3,her2k,483918.58
20,xcl3,symm,765015.43
20,xcl3,syr2k,520869.03
20,xcl3,syrk,506123.10
20,xcl3,trmm,544654.70
20,xcl3,trsm,391809.52
20,xzl3,gemm,483449.21
20,xzl3,hemm,456100.83
20,xzl3,herk,337395.28
20,xzl3,her2k,339302.40
20,xzl3,symm,488075.91
20,xzl3,syr2k,343889.12
20,xzl3,syrk,334200.45
20,xzl3,trmm,349900.56
20,xzl3,trsm,294719.25
20,xdl3,gemm,348103.51
20,xdl3,symm,343830.71
20,xdl3,syrk,201704.95
20,xdl3,syr2k,223725.82
20,xdl3,trmm,220065.67
20,xdl3,trsm,166882.72
20,xsl3,gemm,507022.87
20,xsl3,symm,457218.86
20,xsl3,syrk,314330.02
20,xsl3,syr2k,356655.43
20,xsl3,trmm,322451.17
20,xsl3,trsm,162537.42
21,xcl1,nrm2,2871.53
21,xcl1,amax,1612.30
21,xcl1,asum,1802.23
21,xcl1,axpy,6781.82
21,xcl1,copy,1954.70
21,xcl1,swap,3143.48
21,xcl1,dotc,7438.47
21,xcl1,dotu,7665.21
21,xzl1,nrm2,2635.12
21,xzl1,amax,1514.10
21,xzl1,asum,1682.52
21,xzl1,axpy,3294.73
21,xzl1,copy,917.18
21,xzl1,swap,1527.76
21,xzl1,dotc,3406.98
21,xzl1,dotu,3424.57
21,xdl1,nrm2,557.92
21,xdl1,amax,2183.51
21,xdl1,asum,1626.01
21,xdl1,axpy,1698.68
21,xdl1,copy,920.66
21,xdl1,swap,1573.17
21,xdl1,dot,2108.11
21,xdl1,rotm,4061.50
21,xsl1,nrm2,664.78
21,xsl1,amax,4487.50
21,xsl1,asum,1729.20
21,xsl1,axpy,3841.26
21,xsl1,copy,2048.90
21,xsl1,swap,3463.30
21,xsl1,dot,4754.55
21,xsl1,rotm,6579.62
21,xsl1,dsdot,1770.53
21,xsl1,sdsdot,1775.43
21,xcl2,gbmv,2520.56
21,xcl2,gemv,10465.46
21,xcl2,hbmv,3433.96
21,xcl2,hpmv,4632.97
21,xcl2,hemv,15279.17
21,xcl2,tbmv,2388.26
21,xcl2,tpmv,5898.25
21,xcl2,trmv,9685.01
21,xcl2,tbsv,1115.83
21,xcl2,tpsv,12913.31
21,xcl2,trsv,10103.46
21,xcl2,gerc,7515.23
21,xcl2,geru,7526.32
21,xcl2,ger2c,7484.80
21,xcl2,ger2u,7478.98
21,xcl2,hpr,11265.92
21,xcl2,her,7309.12
21,xcl2,hpr2,19940.05
21,xcl2,her2,11516.91
21,xzl2,gbmv,3139.05
21,xzl2,gemv,5771.23
21,xzl2,hbmv,3416.55
21,xzl2,hpmv,3823.85
21,xzl2,hemv,9566.25
21,xzl2,tbmv,2481.77
21,xzl2,tpmv,4933.17
21,xzl2,trmv,5483.22
21,xzl2,tbsv,1013.02
21,xzl2,tpsv,6274.62
21,xzl2,trsv,5692.97
21,xdl2,gbmv,992.48
21,xdl2,gemv,3424.18
21,xdl2,sbmv,1489.32
21,xdl2,spmv,3271.80
21,xdl2,symv,4960.76
21,xdl2,tbmv,556.58
21,xdl2,tpmv,3420.72
21,xdl2,trmv,3280.03
21,xdl2,tbsv,378.65
21,xdl2,tpsv,3653.41
21,xdl2,trsv,3492.16
21,xdl2,ger,2786.53
21,xdl2,ger2,2806.66
21,xdl2,spr,3050.53
21,xdl2,syr,2771.27
21,xdl2,spr2,5754.81
21,xdl2,syr2,5231.33
21,xsl2,gbmv,991.67
21,xsl2,gemv,7027.81
21,xsl2,sbmv,1554.53
21,xsl2,spmv,3540.33
21,xsl2,symv,6111.00
21,xsl2,tbmv,540.75
21,xsl2,tpmv,7262.38
21,xsl2,trmv,6476.13
21,xsl2,tbsv,434.63
21,xsl2,tpsv,7762.21
21,xsl2,trsv,7185.60
21,xsl2,ger,5421.81
21,xsl2,ger2,5454.58
21,xsl2,spr,6399.10
21,xsl2,syr,5238.51
21,xsl2,spr2,12012.15
21,xsl2,syr2,9790.10
21,xcl3,gemm,651335.11
21,xcl3,hemm,669302.47
21,xcl3,herk,479384.82
21,xcl3,her2k,551310.26
21,xcl3,symm,620779.42
21,xcl3,syr2k,526705.75
21,xcl3,syrk,534068.40
21,xcl3,trmm,566153.05
21,xcl3,trsm,390406.38
21,xzl3,gemm,399609.71
21,xzl3,hemm,394309.77
21,xzl3,herk,325989.38
21,xzl3,her2k,329710.92
21,xzl3,symm,403277.07
21,xzl3,syr2k,332754.81
21,xzl3,syrk,321698.25
21,xzl3,trmm,357581.88
21,xzl3,trsm,278544.06
21,xdl3,gemm,291164.73
21,xdl3,symm,299615.02
21,xdl3,syrk,214758.17
21,xdl3,syr2k,225057.37
21,xdl3,trmm,220019.32
21,xdl3,trsm,172276.05
21,xsl3,gemm,509338.07
21,xsl3,symm,469017.62
21,xsl3,syrk,337447.73
21,xsl3,syr2k,359370.36
21,xsl3,trmm,372145.15
21,xsl3,trsm,172219.27
22,xcl1,nrm2,2867.83
22,xcl1,amax,1598.01
22,xcl1,asum,1769.55
22,xcl1,axpy,6778.80
22,xcl1,copy,1968.25
22,xcl1,swap,3166.12
22,xcl1,dotc,7764.22
22,xcl1,dotu,7784.65
22,xzl1,nrm2,2610.98
22,xzl1,amax,1496.21
22,xzl1,asum,1682.18
22,xzl1,axpy,3334.33
22,xzl1,copy,926.56
22,xzl1,swap,1542.32
22,xzl1,dotc,3484.20
22,xzl1,dotu,3495.06
22,xdl1,nrm2,547.97
22,xdl1,amax,2169.30
22,xdl1,asum,1605.68
22,xdl1,axpy,1722.26
22,xdl1,copy,928.32
22,xdl1,swap,1588.38
22,xdl1,dot,2141.42
22,xdl1,rotm,4085.72
22,xsl1,nrm2,665.15
22,xsl1,amax,4623.87
22,xsl1,asum,1726.41
22,xsl1,axpy,3862.75
22,xsl1,copy,2074.82
22,xsl1,swap,3551.13
22,xsl1,dot,4970.63
22,xsl1,rotm,6597.32
22,xsl1,dsdot,1760.97
22,xsl1,sdsdot,1750.57
22,xcl2,gbmv,2724.58
22,xcl2,gemv,10411.60
22,xcl2,hbmv,3471.33
22,xcl2,hpmv,4626.47
22,xcl2,hemv,15219.56
22,xcl2,tbmv,2384.20
22,xcl2,tpmv,5882.22
22,xcl2,trmv,9821.70
22,xcl2,tbsv,1123.86
22,xcl2,tpsv,13056.22
22,xcl2,trsv,10186.12
22,xcl2,gerc,7513.46
22,xcl2,geru,7502.92
22,xcl2,ger2c,7519.05
22,xcl2,ger2u,7480.82
22,xcl2,hpr,11373.20
22,xcl2,her,7321.27
22,xcl2,hpr2,20301.48
22,xcl2,her2,11435.96
22,xzl2,gbmv,3037.85
22,xzl2,gemv,5854.83
22,xzl2,hbmv,3334.42
22,xzl2,hpmv,4908.28
22,xzl2,hemv,9584.68
22,xzl2,tbmv,2640.40
22,xzl2,tpmv,4917.56
22,xzl2,trmv,5539.03
22,xzl2,tbsv,981.81
22,xzl2,tpsv,6309.05
22,xzl2,trsv,5822.50
22,xdl2,gbmv,992.70
22,xdl2,gemv,3472.92
22,xdl2,sbmv,1407.45
22,xdl2,spmv,3244.73
22,xdl2,symv,4950.11
22,xdl2,tbmv,623.87
22,xdl2,tpmv,3416.50
22,xdl2,trmv,3320.62
22,xdl2,tbsv,391.58
22,xdl2,tpsv,3695.75
22,xdl2,trsv,3533.87
22,xdl2,ger,2821.35
22,xdl2,ger2,2843.85
22,xdl2,spr,3077.58
22,xdl2,syr,2800.07
22,xdl2,spr2,5709.70
22,xdl2,syr2,5228.36
22,xsl2,gbmv,994.68
22,xsl2,gemv,7100.98
22,xsl2,sbmv,1558.20
22,xsl2,spmv,3592.25
22,xsl2,symv,6069.07
22,xsl2,tbmv,539.27
22,xsl2,tpmv,7206.18
22,xsl2,trmv,6668.91
22,xsl2,tbsv,429.93
22,xsl2,tpsv,7955.67
22,xsl2,trsv,7300.05
22,xsl2,ger,5487.26
22,xsl2,ger2,5511.25
22,xsl2,spr,6586.02
22,xsl2,syr,5281.63
22,xsl2,spr2,11787.02
22,xsl2,syr2,9887.83
22,xcl3,gemm,552608.15
22,xcl3,hemm,598312.18
22,xcl3,herk,448661.75
22,xcl3,her2k,470645.40
22,xcl3,symm,605434.26
22,xcl3,syr2k,491948.81
22,xcl3,syrk,444054.51
22,xcl3,trmm,489725.18
22,xcl3,trsm,358958.61
22,xzl3,gemm,369847.00
22,xzl3,hemm,368485.16
22,xzl3,herk,299926.61
22,xzl3,her2k,314677.55
22,xzl3,symm,329666.41
22,xzl3,syr2k,296893.81
22,xzl3,syrk,283330.66
22,xzl3,trmm,336685.67
22,xzl3,trsm,262679.57
22,xdl3,gemm,242021.66
22,xdl3,symm,258946.97
22,xdl3,syrk,188810.00
22,xdl3,syr2k,202026.36
22,xdl3,trmm,226629.26
22,xdl3,trsm,161278.62
22,xsl3,gemm,441500.40
22,xsl3,symm,398971.76
22,xsl3,syrk,276721.60
22,xsl3,syr2k,350621.70
22,xsl3,trmm,336890.76
22,xsl3,trsm,179515.75
23,xcl1,nrm2,2838.78
23,xcl1,amax,1582.30
23,xcl1,asum,1795.43
23,xcl1,axpy,6813.93
23,xcl1,copy,1958.86
23,xcl1,swap,3138.53
23,xcl1,dotc,7595.78
23,xcl1,dotu,7635.61
23,xzl1,nrm2,2621.72
23,xzl1,amax,1511.78
23,xzl1,asum,1680.56
23,xzl1,axpy,3288.92
23,xzl1,copy,919.07
23,xzl1,swap,1532.87
23,xzl1,dotc,3407.61
23,xzl1,dotu,3435.61
23,xdl1,nrm2,554.12
23,xdl1,amax,2203.41
23,xdl1,asum,1617.71
23,xdl1,axpy,1699.45
23,xdl1,copy,919.52
23,xdl1,swap,1564.25
23,xdl1,dot,2111.40
23,xdl1,rotm,4031.22
23,xsl1,nrm2,666.02
23,xsl1,amax,4518.75
23,xsl1,asum,1736.88
23,xsl1,axpy,3805.06
23,xsl1,copy,2023.77
23,xsl1,swap,3456.66
23,xsl1,dot,4855.83
23,xsl1,rotm,6564.07
23,xsl1,dsdot,1779.57
23,xsl1,sdsdot,1769.25
23,xcl2,gbmv,2629.00
23,xcl2,gemv,10364.80
23,xcl2,hbmv,3428.95
23,xcl2,hpmv,4613.56
23,xcl2,hemv,15152.76
23,xcl2,tbmv,2387.22
23,xcl2,tpmv,5836.98
23,xcl2,trmv,9578.51
23,xcl2,tbsv,1073.76
23,xcl2,tpsv,13088.03
23,xcl2,trsv,10226.41
23,xcl2,gerc,7500.41
23,xcl2,geru,7455.95
23,xcl2,ger2c,7458.87
23,xcl2,ger2u,7468.93
23,xcl2,hpr,11254.21
23,xcl2,her,7343.93
23,xcl2,hpr2,20281.56
23,xcl2,her2,11461.86
23,xzl2,gbmv,3069.70
23,xzl2,gemv,5865.06
23,xzl2,hbmv,3459.06
23,xzl2,hpmv,4954.77
23,xzl2,hemv,9622.91
23,xzl2,tbmv,2576.47
23,xzl2,tpmv,4903.07
23,xzl2,trmv,5500.91
23,xzl2,tbsv,987.31
23,xzl2,tpsv,6275.18
23,xzl2,trsv,5721.92
23,xdl2,gbmv,961.71
23,xdl2,gemv,3438.40
23,xdl2,sbmv,1474.75
23,xdl2,spmv,3251.90
23,xdl2,symv,4984.72
23,xdl2,tbmv,612.58
23,xdl2,tpmv,3415.32
23,xdl2,trmv,3284.01
23,xdl2,tbsv,389.83
23,xdl2,tpsv,3615.68
23,xdl2,trsv,3497.53
23,xdl2,ger,2807.83
23,xdl2,ger2,2812.52
23,xdl2,spr,3051.38
23,xdl2,syr,2753.43
23,xdl2,spr2,5749.88
23,xdl2,syr2,5223.52
23,xsl2,gbmv,944.81
23,xsl2,gemv,7057.93
23,xsl2,sbmv,1564.93
23,xsl2,spmv,3603.43
23,xsl2,symv,6140.71
23,xsl2,tbmv,531.26
23,xsl2,tpmv,7233.50
23,xsl2,trmv,6576.73
23,xsl2,tbsv,429.95
23,xsl2,tpsv,7684.72
23,xsl2,trsv,7279.30
23,xsl2,ger,5433.60
23,xsl2,ger2,5477.90
23,xsl2,spr,6515.96
23,xsl2,syr,5218.03
23,xsl2,spr2,11989.28
23,xsl2,syr2,9777.18
23,xcl3,gemm,712097.66
23,xcl3,hemm,778486.76
23,xcl3,herk,391197.27
23,xcl3,her2k,446157.22
23,xcl3,symm,778393.03
23,xcl3,syr2k,445368.23
23,xcl3,syrk,415987.83
23,xcl3,trmm,372959.83
23,xcl3,trsm,371797.76
23,xzl3,gemm,501304.53
23,xzl3,hemm,488663.06
23,xzl3,herk,332566.13
23,xzl3,her2k,330912.98
23,xzl3,symm,498616.83
23,xzl3,syr2k,342292.91
23,xzl3,syrk,340355.91
23,xzl3,trmm,300359.82
23,xzl3,trsm,301074.92
23,xdl3,gemm,328675.66
23,xdl3,symm,330106.41
23,xdl3,syrk,159523.55
23,xdl3,syr2k,171754.96
23,xdl3,trmm,186632.48
23,xdl3,trsm,163577.66
23,xsl3,gemm,462684.71
23,xsl3,symm,451771.23
23,xsl3,syrk,346909.13
23,xsl3,syr2k,317662.55
23,xsl3,trmm,277877.43
23,xsl3,trsm,140160.65
24,xcl1,nrm2,2834.16
24,xcl1,amax,1592.47
24,xcl1,asum,1802.21
24,xcl1,axpy,6794.16
24,xcl1,copy,1955.76
24,xcl1,swap,3136.17
24,xcl1,dotc,7491.38
24,xcl1,dotu,7562.28
24,xzl1,nrm2,2627.37
24,xzl1,amax,1501.02
24,xzl1,asum,1675.18
24,xzl1,axpy,3278.88
24,xzl1,copy,919.47
24,xzl1,swap,1530.05
24,xzl1,dotc,3415.57
24,xzl1,dotu,3412.50
24,xdl1,nrm2,550.36
24,xdl1,amax,2151.61
24,xdl1,asum,1621.23
24,xdl1,axpy,1688.55
24,xdl1,copy,922.18
24,xdl1,swap,1559.27
24,xdl1,dot,2076.46
24,xdl1,rotm,4061.17
24,xsl1,nrm2,529.11
24,xsl1,amax,4652.91
24,xsl1,asum,1721.82
24,xsl1,axpy,3805.27
24,xsl1,copy,2024.52
24,xsl1,swap,3406.95
24,xsl1,dot,4777.15
24,xsl1,rotm,6466.93
24,xsl1,dsdot,1745.21
24,xsl1,sdsdot,1762.43
24,xcl2,gbmv,2690.07
24,xcl2,gemv,10447.25
24,xcl2,hbmv,3347.52
24,xcl2,hpmv,4651.61
24,xcl2,hemv,15114.20
24,xcl2,tbmv,2346.70
24,xcl2,tpmv,5830.43
24,xcl2,trmv,9766.80
24,xcl2,tbsv,1113.52
24,xcl2,tpsv,13140.81
24,xcl2,trsv,10142.91
24,xcl2,gerc,7488.51
24,xcl2,geru,7487.08
24,xcl2,ger2c,7481.70
24,xcl2,ger2u,7503.35
24,xcl2,hpr,11231.48
24,xcl2,her,7311.86
24,xcl2,hpr2,19979.50
24,xcl2,her2,11441.38
24,xzl2,gbmv,3079.26
24,xzl2,gemv,5815.87
24,xzl2,hbmv,3373.71
24,xzl2,hpmv,4903.53
24,xzl2,hemv,9630.76
24,xzl2,tbmv,2582.75
24,xzl2,tpmv,4918.63
24,xzl2,trmv,5553.22
24,xzl2,tbsv,982.82
24,xzl2,tpsv,6325.60
24,xzl2,trsv,5764.58
24,xdl2,gbmv,972.77
24,xdl2,gemv,3418.36
24,xdl2,sbmv,1450.02
24,xdl2,spmv,3255.06
24,xdl2,symv,4977.97
24,xdl2,tbmv,611.78
24,xdl2,tpmv,3445.52
24,xdl2,trmv,3285.73
24,xdl2,tbsv,362.92
24,xdl2,tpsv,3618.20
24,xdl2,trsv,3469.71
24,xdl2,ger,2818.88
24,xdl2,ger2,2829.07
24,xdl2,spr,3039.87
24,xdl2,syr,2754.46
24,xdl2,spr2,5781.97
24,xdl2,syr2,5209.32
24,xsl2,gbmv,968.65
24,xsl2,gemv,7024.20
24,xsl2,sbmv,1517.38
24,xsl2,spmv,3544.63
24,xsl2,symv,6085.06
24,xsl2,tbmv,540.35
24,xsl2,tpmv,7312.91
24,xsl2,trmv,6515.16
24,xsl2,tbsv,428.17
24,xsl2,tpsv,7627.62
24,xsl2,trsv,7200.47
24,xsl2,ger,5415.62
24,xsl2,ger2,5465.07
24,xsl2,spr,6354.55
24,xsl2,syr,5181.17
24,xsl2,spr2,12080.13
24,xsl2,syr2,9819.12
24,xcl3,gemm,876404.81
24,xcl3,hemm,801047.48
24,xcl3,herk,574394.10
24,xcl3,her2k,619821.46
24,xcl3,symm,809576.42
24,xcl3,syr2k,626349.27
24,xcl3,syrk,590874.88
24,xcl3,trmm,682600.97
24,xcl3,trsm,418881.36
24,xzl3,gemm,515147.10
24,xzl3,hemm,516620.37
24,xzl3,herk,373933.17
24,xzl3,her2k,378508.20
24,xzl3,symm,527205.56
24,xzl3,syr2k,383699.91
24,xzl3,syrk,383801.41
24,xzl3,trmm,436467.08
24,xzl3,trsm,301546.93
24,xdl3,gemm,348167.65
24,xdl3,symm,382922.36
24,xdl3,syrk,227889.55
24,xdl3,syr2k,258574.61
24,xdl3,trmm,250724.41
24,xdl3,trsm,175262.51
24,xsl3,gemm,571705.45
24,xsl3,symm,571004.73
24,xsl3,syrk,338910.22
24,xsl3,syr2k,374673.03
24,xsl3,trmm,344761.43
24,xsl3,trsm,194960.15
